plot_id,predicted_yield_tons_per_ha
PLOT-017296,3.4546225704565874
PLOT-017259,2.739683141108626
PLOT-016178,2.4542243995094397
PLOT-018610,2.668689409339506
PLOT-015109,2.7261488438532324
PLOT-016351,3.0911505174595955
PLOT-017917,1.5752725254709952
PLOT-016422,2.86608162173429
PLOT-018085,3.273824662803828
PLOT-015051,3.5791692742797183
PLOT-018124,1.696966977527005
PLOT-016442,3.0433195035293785
PLOT-016032,1.8800130637862382
PLOT-016414,3.362904064477219
PLOT-018385,3.3103030637897253
PLOT-015539,6.569142095180826
PLOT-018115,4.0617629854981585
PLOT-017927,3.1267717999975932
PLOT-015687,3.082422956086565
PLOT-015584,1.0714306732219605
PLOT-015219,2.308558742513992
PLOT-016803,2.9952001146164915
PLOT-015474,1.9511658585182445
PLOT-017984,3.052084632195945
PLOT-017147,2.659991231005307
PLOT-017440,1.92467595966948
PLOT-018208,1.8850734859112348
PLOT-016703,1.3476398837784431
PLOT-015643,2.3369045988202357
PLOT-016058,2.1719121853330976
PLOT-015075,1.0434952493432923
PLOT-016661,0.9352325245466705
PLOT-018508,5.698932775848938
PLOT-017437,2.690650344307369
PLOT-017258,3.579701003885184
PLOT-017063,3.7586510835722464
PLOT-017838,3.3987065410099784
PLOT-017079,0.8340344381679238
PLOT-015569,4.104818395190077
PLOT-016146,3.1392443052121077
PLOT-016884,4.905809181166756
PLOT-016578,0.8629675609834364
PLOT-017559,2.105502501317498
PLOT-017720,2.764664106954953
PLOT-015369,2.267202006838697
PLOT-017876,3.6390549600943323
PLOT-017847,2.9824844530296812
PLOT-017730,0.5231013284896007
PLOT-015531,2.032527505805857
PLOT-015062,3.168441549715794
PLOT-015438,3.220649315240819
PLOT-018698,2.677447538439394
PLOT-016680,2.34625740990426
PLOT-017845,3.398843172014956
PLOT-015412,0.7786210921563465
PLOT-018488,4.054458483349989
PLOT-015774,2.709563962332054
PLOT-017199,5.846605360290834
PLOT-018697,5.0252652392758845
PLOT-016729,1.9183060543154367
PLOT-017556,1.0809941765866755
PLOT-018475,2.396589372029717
PLOT-016568,0.8609029202446457
PLOT-017444,2.8062638407964795
PLOT-015186,5.11716376059323
PLOT-015262,3.6933802338692603
PLOT-017650,1.623742686713166
PLOT-016963,6.289093344154759
PLOT-017561,0.785932181752457
PLOT-015259,5.506093009973036
PLOT-016841,2.9340407279809195
PLOT-015400,5.621207346970002
PLOT-017374,3.7099447495884963
PLOT-015098,4.629481146963289
PLOT-015360,2.4951675930696924
PLOT-015196,3.4707549549580388
PLOT-018417,2.3224963491584707
PLOT-015807,3.3475567254711183
PLOT-015684,2.734351573501057
PLOT-017498,2.5103565707890017
PLOT-017369,2.9731056440178296
PLOT-017803,0.7181825946432787
PLOT-015637,2.649991296390551
PLOT-017933,2.771717570142393
PLOT-016271,1.1463429909821188
PLOT-016297,2.59808122055815
PLOT-016902,1.6579819007218732
PLOT-016443,1.371303022880668
PLOT-016082,2.236673510099273
PLOT-017071,3.3740323847670606
PLOT-017173,2.6562016576121423
PLOT-016550,3.363356505060881
PLOT-018477,3.143616809261724
PLOT-016395,3.436215687519306
PLOT-015694,2.4511602737301477
PLOT-017865,0.7383163410539941
PLOT-016675,3.0386947836263785
PLOT-015961,3.005134870936049
PLOT-016334,2.9488188603110994
PLOT-015767,2.8885496124158228
PLOT-018394,1.734360791495653
PLOT-016209,1.8249037469843916
PLOT-018458,3.2105238251592865
PLOT-016268,2.63035970928254
PLOT-017460,2.741859683333106
PLOT-017620,2.2951886005915187
PLOT-017019,1.453389253126492
PLOT-016195,4.698421683584101
PLOT-018158,2.504728558784609
PLOT-016354,1.8821588079528657
PLOT-017348,5.837243309465185
PLOT-017165,2.813999940823756
PLOT-015433,1.052705185012611
PLOT-018119,1.262944691504167
PLOT-016625,1.9125037663282471
PLOT-017493,4.149092276836425
PLOT-018521,0.8520107731448083
PLOT-018018,4.919037545144751
PLOT-015445,0.897883032314109
PLOT-017119,4.2216622600519536
PLOT-016753,5.233587898058748
PLOT-015479,2.4800180680714665
PLOT-018129,3.7203660374153475
PLOT-018629,4.272162211974387
PLOT-015892,2.4239885062812307
PLOT-015511,2.3954670870503274
PLOT-018165,2.2619241519465025
PLOT-017848,1.1645066968009539
PLOT-015571,1.8692593330247564
PLOT-017061,3.442676178689225
PLOT-015030,3.4661410563231327
PLOT-015359,1.9873557222627058
PLOT-016740,2.995286932761167
PLOT-016389,2.849321206489638
PLOT-018489,1.9023144418474962
PLOT-017813,3.0353205616641135
PLOT-016371,3.4706087748006516
PLOT-017553,3.044645167644669
PLOT-016251,1.6788950758161478
PLOT-015848,1.609126871202657
PLOT-018369,4.137948403109039
PLOT-016905,1.8452594700643792
PLOT-015985,3.273385402151841
PLOT-018339,2.781860645946802
PLOT-016667,2.7040120960696967
PLOT-017321,3.7484221535530433
PLOT-015440,3.4861023146023036
PLOT-015095,1.866488310380995
PLOT-015414,5.246193435964833
PLOT-017447,1.1291669912897615
PLOT-015087,3.8248896683850027
PLOT-015616,2.206925555810683
PLOT-018527,1.734613515343201
PLOT-015638,3.6341599300269354
PLOT-018196,1.2135638147864123
PLOT-017701,4.251696301497325
PLOT-015651,0.8545069641868159
PLOT-016284,2.660381892478335
PLOT-017277,4.605294960631441
PLOT-018362,2.2178748057203936
PLOT-017940,2.9207585260528464
PLOT-018036,2.8071073471824954
PLOT-017892,1.0011692112975075
PLOT-015358,1.6900099661791812
PLOT-018341,4.597362483178576
PLOT-015115,4.058858604879665
PLOT-016758,0.9037689308607377
PLOT-017074,1.4287530151804495
PLOT-018714,2.890451816912109
PLOT-015883,4.1495548383102285
PLOT-017053,3.9900942181735415
PLOT-015124,1.2493819254403156
PLOT-017727,2.285332816483923
PLOT-015858,2.633297341982834
PLOT-017534,3.380325758561016
PLOT-016114,2.2318143156056385
PLOT-018558,0.8034689435274658
PLOT-015070,1.6556813033671183
PLOT-017776,2.1569360590406452
PLOT-015415,0.9798701557040064
PLOT-016054,1.9451022215897873
PLOT-015737,2.2220093555235434
PLOT-016136,2.0841558524167465
PLOT-017466,2.5998408421064583
PLOT-016263,1.6931574118197328
PLOT-016684,3.7455305535811187
PLOT-016002,3.326576487067307
PLOT-015732,2.475538342811696
PLOT-017092,2.2843173500402503
PLOT-015561,2.2743520394967796
PLOT-016611,2.2799946993912985
PLOT-018737,2.799489328042469
PLOT-016298,2.875432320506974
PLOT-016218,1.6364479970467167
PLOT-017167,5.948378157779605
PLOT-018161,3.9136366713747908
PLOT-018476,2.8069765022884607
PLOT-017875,2.758920669009168
PLOT-015868,2.6097957750314063
PLOT-017646,0.748802446296472
PLOT-017200,1.748349518206526
PLOT-015194,5.577761318889641
PLOT-017095,1.398040529860352
PLOT-016283,2.970151805868363
PLOT-016303,2.482763416353122
PLOT-018517,2.8294372948919535
PLOT-015964,2.9174883653431647
PLOT-017386,2.847243793828206
PLOT-016363,2.449315332436608
PLOT-015181,2.286158197869612
PLOT-018094,3.094926428359979
PLOT-017138,3.070563167426866
PLOT-015200,1.8561804523230732
PLOT-017829,4.3164595179873455
PLOT-016961,1.208654653137819
PLOT-017908,3.8595092263595516
PLOT-016787,0.3749634115148678
PLOT-018491,2.9677264141994963
PLOT-016010,4.457105343601907
PLOT-016937,4.529976629899224
PLOT-016140,1.8522706257294104
PLOT-018552,2.9995562437214494
PLOT-015267,4.061993189561033
PLOT-015375,4.013923610368874
PLOT-017888,5.099668434781243
PLOT-015735,2.3912895322447545
PLOT-015699,1.5309113280106772
PLOT-016226,1.4703977307415996
PLOT-017731,3.0634307750546674
PLOT-015370,1.457181709553805
PLOT-015512,3.527004461187626
PLOT-015729,1.1704656310652046
PLOT-018046,1.462464023804756
PLOT-016197,1.156451006565851
PLOT-016799,2.0983280981980936
PLOT-016782,2.284723517722467
PLOT-018480,2.569139831401393
PLOT-015325,2.490035897341853
PLOT-018661,4.026105487353758
PLOT-018704,3.172076594421148
PLOT-016825,4.496380764825022
PLOT-016125,3.853392858353013
PLOT-016365,0.5384050089461919
PLOT-016892,3.5381995407808184
PLOT-018449,2.3328034035308787
PLOT-017066,1.2720068510154547
PLOT-015768,2.345200409236659
PLOT-015416,3.5486328180764017
PLOT-017780,0.8271353295018452
PLOT-018493,2.0291533915830984
PLOT-018003,2.3535172620121476
PLOT-017549,3.0634785185384463
PLOT-018739,4.302168228646372
PLOT-017926,2.2350131720771085
PLOT-017827,2.6008365402097087
PLOT-018066,1.5919634613405318
PLOT-017546,5.125170024004407
PLOT-016759,3.3221864779245003
PLOT-016413,3.8866935575133357
PLOT-016748,5.645494901231252
PLOT-015377,1.3722346999465105
PLOT-016015,2.4643100143987495
PLOT-015546,3.1007716234237566
PLOT-015691,2.274825298352569
PLOT-015949,3.3782613506262074
PLOT-018025,2.997724174802419
PLOT-017024,3.374973778228578
PLOT-016559,3.1455125709238128
PLOT-017764,1.0455307170721575
PLOT-015890,1.7768815707020886
PLOT-015060,3.237513634771425
PLOT-016724,2.9593326629991465
PLOT-015632,4.4527356221881
PLOT-018226,1.8529836785838663
PLOT-016599,0.9538692584232213
PLOT-017810,5.651274504242435
PLOT-016695,0.8279960315480351
PLOT-016436,1.5645528409673755
PLOT-018083,3.4684222236481212
PLOT-016852,3.427252779957906
PLOT-018076,3.1777264141083323
PLOT-017576,1.5276381143985438
PLOT-017359,2.3460437376003953
PLOT-017696,2.6279497154200167
PLOT-016238,5.256312426796901
PLOT-018309,2.255371955464294
PLOT-018047,0.6855450647065049
PLOT-015746,0.8917177763256782
PLOT-015328,1.6218238696888585
PLOT-018648,2.8167938027812998
PLOT-018664,2.4096903867123856
PLOT-016989,3.116141993571146
PLOT-015034,3.9610327567323624
PLOT-018344,1.3817855127658518
PLOT-016784,4.996114179595097
PLOT-016686,3.4127036101062616
PLOT-016244,5.176359901003437
PLOT-015449,2.3687861192245245
PLOT-017923,2.4230382456986024
PLOT-017916,0.7832214198829338
PLOT-016005,1.110328561608471
PLOT-017699,3.665679871522741
PLOT-015718,5.463733043243655
PLOT-016621,0.6705998000111987
PLOT-017443,2.216220018165938
PLOT-016364,1.1307905574108272
PLOT-015125,1.1843101729425825
PLOT-017639,1.8098535354651677
PLOT-017302,2.6301159659722035
PLOT-017345,7.200639433149004
PLOT-018486,4.1467821813416
PLOT-016780,1.5140318336983922
PLOT-017402,1.0909270937880238
PLOT-016050,3.723517795403966
PLOT-015701,3.0378354175347555
PLOT-015340,4.581845523682297
PLOT-018720,2.2505414469189726
PLOT-015187,1.673822899943507
PLOT-015983,4.018475722907532
PLOT-018244,1.749783053157155
PLOT-018696,2.4212662106022607
PLOT-015121,2.70006042715774
PLOT-015603,1.663095977911913
PLOT-015667,1.7302239504925152
PLOT-017607,0.9398795659962267
PLOT-015244,2.55757010392348
PLOT-015532,4.467509801714853
PLOT-017027,1.3085535049140062
PLOT-017983,3.9038104186648463
PLOT-016179,1.5043831518756474
PLOT-017854,3.464529361318767
PLOT-017752,3.155204416299959
PLOT-018628,3.741009217263698
PLOT-016701,6.0514704785613445
PLOT-015801,2.7189287842222996
PLOT-015840,5.123650572039589
PLOT-016235,1.68587595975676
PLOT-017163,2.6022414618060985
PLOT-016926,3.962862445863421
PLOT-017873,2.284162740791193
PLOT-015444,2.264889579020161
PLOT-018090,2.718048324152185
PLOT-017284,2.97407486733837
PLOT-016313,3.4776852947081656
PLOT-015921,2.223780733143993
PLOT-015795,2.315199902467662
PLOT-015897,2.0079304624774292
PLOT-015009,1.9671157058286053
PLOT-017904,1.993132154723029
PLOT-016267,4.126835214744562
PLOT-017772,1.7188612723197494
PLOT-016747,3.0026680235882504
PLOT-016416,2.6261123131543784
PLOT-018353,1.6559553986335231
PLOT-017112,2.7580845985218776
PLOT-017036,2.4582431169010013
PLOT-018650,2.7495518487800434
PLOT-015213,1.737676306517155
PLOT-016104,3.343366610968971
PLOT-016726,2.7090713038394925
PLOT-018386,1.576383761337706
PLOT-018174,1.3715183858227915
PLOT-018548,3.0712460256094216
PLOT-017159,1.6787217411787503
PLOT-016397,4.661908060562438
PLOT-015836,1.377197467200538
PLOT-015206,5.06817845397754
PLOT-015658,2.8728021513886435
PLOT-018497,0.6634686629772527
PLOT-015739,1.2512987337585462
PLOT-015500,3.143683485676323
PLOT-017160,5.0737266223289765
PLOT-017050,2.3838680861949073
PLOT-017103,3.542020376511698
PLOT-017108,0.8630557778438276
PLOT-018553,3.4511225867288315
PLOT-015666,2.5322575250375583
PLOT-017371,2.353588224969724
PLOT-015564,2.8127038919541687
PLOT-016262,2.82422149173186
PLOT-016644,2.332715728097065
PLOT-016206,4.763566576707656
PLOT-016021,2.572355649802708
PLOT-015134,4.160169975346225
PLOT-017156,2.5748704534349924
PLOT-015305,1.1912126722425607
PLOT-015915,3.9442089850066813
PLOT-016591,4.028529061043057
PLOT-017312,2.913778984640247
PLOT-017319,2.2157501022846695
PLOT-015619,2.8894512005224637
PLOT-017333,5.435190710773996
PLOT-015903,1.1716754875807187
PLOT-016384,2.567988142993371
PLOT-016921,1.1908526558241055
PLOT-017739,2.5292022211096103
PLOT-015296,1.047896031489494
PLOT-015935,3.355891787618157
PLOT-017986,3.2077815976099617
PLOT-015318,6.149292317411727
PLOT-015420,1.6434298122432693
PLOT-017129,3.3883031201562144
PLOT-017790,3.2292230709692156
PLOT-017656,1.364957647194125
PLOT-016632,2.1127329000935404
PLOT-016051,2.4657619335798113
PLOT-018225,1.4479642487984585
PLOT-017949,4.230060323859667
PLOT-016906,2.4047222785743623
PLOT-015562,1.5411836981889977
PLOT-017367,2.4710969859546634
PLOT-018710,2.347990749856945
PLOT-018731,2.1109589095419294
PLOT-016252,1.397821054816834
PLOT-017403,2.6503977076123535
PLOT-017863,5.1702075298556815
PLOT-018598,3.542767332329195
PLOT-017568,1.7080755191436958
PLOT-017221,4.372011273309893
PLOT-016816,4.69628869260468
PLOT-016587,2.601527960683607
PLOT-017318,0.8832913144447064
PLOT-016844,1.9500081179650712
PLOT-015742,3.9781794612226387
PLOT-018591,4.578311879469939
PLOT-015889,1.75970047951279
PLOT-017253,3.8926954815447563
PLOT-015748,3.000463471759681
PLOT-018015,2.3820011246315325
PLOT-017060,2.734426188259569
PLOT-018286,5.5827918501696585
PLOT-015514,4.078594149980786
PLOT-018038,1.9889745296794232
PLOT-016090,1.3827925769752323
PLOT-015662,2.6274655218392553
PLOT-016688,5.125616774264967
PLOT-015361,0.9663832051000256
PLOT-017796,2.614971241426287
PLOT-018605,1.4308285293249683
PLOT-018501,2.8811682975149644
PLOT-015652,2.407726790380202
PLOT-018012,2.336380848230013
PLOT-017293,2.8434768175769323
PLOT-017170,1.8101654518663415
PLOT-017332,2.214024879723618
PLOT-016390,5.33990754525638
PLOT-018096,3.1707125597121166
PLOT-015193,2.684455872804427
PLOT-018245,0.9254543461230957
PLOT-018081,1.6517690747437432
PLOT-018663,4.94191721685825
PLOT-017419,0.8448915081939102
PLOT-018326,3.761977390161723
PLOT-016915,2.7974546155131286
PLOT-016788,5.416630954060532
PLOT-017072,5.384503356027457
PLOT-016579,1.9790549074796104
PLOT-017705,3.012191532993467
PLOT-016872,1.7663839684020162
PLOT-015705,1.4198840391472287
PLOT-015131,3.0493771236442417
PLOT-015592,0.6192830005539872
PLOT-015664,0.9286288237602262
PLOT-015565,2.2618424013216574
PLOT-017503,0.5085956759845384
PLOT-016306,2.4035269677572897
PLOT-016077,4.198236202664807
PLOT-015178,2.681859823716832
PLOT-017737,4.509987106643695
PLOT-018393,2.681315933460691
PLOT-016431,1.307870023881685
PLOT-016279,4.130368670537457
PLOT-015854,4.460565063587468
PLOT-015720,4.4600189400583465
PLOT-016893,3.063526801819428
PLOT-017746,4.418895941465218
PLOT-018507,4.095171903906452
PLOT-016352,3.5024129390340772
PLOT-018687,4.881681553783036
PLOT-017541,4.110231760572744
PLOT-017309,2.488311612664113
PLOT-015517,2.4863660766914912
PLOT-018110,4.591893360165339
PLOT-017497,4.734572496505638
PLOT-018634,0.9619859937657255
PLOT-015079,2.1464114362845206
PLOT-017992,4.172131972460643
PLOT-016225,3.470556863873177
PLOT-015427,3.5415383799101794
PLOT-016795,3.147607442782431
PLOT-017765,1.7408790102175813
PLOT-018264,0.865886067874708
PLOT-017756,1.2044702932381415
PLOT-018570,0.8737049927940529
PLOT-016470,1.567817312832396
PLOT-017178,1.2136870709736278
PLOT-018492,5.567574204211911
PLOT-015933,2.134308599180584
PLOT-017090,3.0381222671740047
PLOT-018323,3.0099582239723435
PLOT-015527,4.096325367810155
PLOT-018504,1.6072812895543318
PLOT-015513,5.103836711539621
PLOT-016995,0.9776329032347785
PLOT-017228,3.0340969794846147
PLOT-017700,0.7172973071654519
PLOT-015707,1.9494416760201758
PLOT-016771,2.4646484972575307
PLOT-016332,2.5333819167985854
PLOT-015670,2.338007523307238
PLOT-017610,3.4965982341675597
PLOT-015991,4.1514762680142345
PLOT-016438,2.851506494585816
PLOT-015180,3.9349022433140073
PLOT-016277,2.940560710194155
PLOT-016674,3.29884970438983
PLOT-018134,4.011179425806576
PLOT-016933,3.611792613172462
PLOT-017924,3.924478363397594
PLOT-016039,2.9391160543527017
PLOT-016084,3.7181955200993504
PLOT-016730,4.507330869444812
PLOT-015615,2.9213084894445114
PLOT-017841,2.932431950050368
PLOT-018607,2.7983988749152733
PLOT-016347,5.5775344691339415
PLOT-016275,3.4285327415163596
PLOT-015802,1.9362310542863248
PLOT-017134,2.7792040620799683
PLOT-015448,1.0019835039359248
PLOT-016387,4.574680451175301
PLOT-018608,6.333808969619872
PLOT-015430,2.019070658720935
PLOT-018317,0.9666959461515857
PLOT-017893,2.877927431170319
PLOT-017014,0.5131740406352583
PLOT-015450,2.6586276727824942
PLOT-015580,3.270731849064487
PLOT-016609,1.4554121563277151
PLOT-017059,2.508689387869275
PLOT-015596,6.507105612793275
PLOT-016714,0.9698548041178405
PLOT-015789,2.8345577633063526
PLOT-015346,0.4937463040905839
PLOT-015502,3.6235943398923753
PLOT-018590,3.2447403458220045
PLOT-016406,1.7323849285906792
PLOT-017176,3.532275087789464
PLOT-016166,1.887944923413049
PLOT-016608,1.5518129916626455
PLOT-017301,2.2135181931772214
PLOT-016830,2.4089334770673743
PLOT-015268,2.0089232314447756
PLOT-017013,2.759522578127854
PLOT-017006,4.031406781685409
PLOT-018141,2.7311446150330747
PLOT-017421,1.4565759239326506
PLOT-017719,1.0253348119844752
PLOT-017157,2.3912896291030235
PLOT-017075,1.1829995204648824
PLOT-018185,1.3927647349951018
PLOT-017305,3.230864347127159
PLOT-018525,3.182831045513756
PLOT-018395,2.4762730708688356
PLOT-015992,4.430233324494766
PLOT-015977,2.6460835472591806
PLOT-017236,1.5662256837180941
PLOT-015314,2.91901276664619
PLOT-017721,2.4622839406459063
PLOT-017641,3.026298516655122
PLOT-015283,2.2005935948710014
PLOT-016134,2.158243239694648
PLOT-017003,5.394766194893133
PLOT-017742,2.6422861643119653
PLOT-015032,3.1512166640836945
PLOT-015590,3.2750441778924007
PLOT-018723,1.5471187529728987
PLOT-015240,4.590813293097087
PLOT-017771,1.201346820605997
PLOT-016558,4.993928430833453
PLOT-018071,4.103937601018027
PLOT-017804,4.59413498670566
PLOT-016720,0.8757127424655615
PLOT-015339,1.4726305708166465
PLOT-015993,2.267683758447884
PLOT-016731,1.0755267186030524
PLOT-016785,2.0223237580915923
PLOT-017733,3.2655812591109106
PLOT-016170,3.346874195099446
PLOT-018373,2.089114554484094
PLOT-016765,3.2049422993406846
PLOT-015498,2.1856479597680294
PLOT-015280,4.020943739128569
PLOT-015217,3.176006990748516
PLOT-016949,2.345585969351256
PLOT-015672,3.305829930601541
PLOT-016236,3.578955838318113
PLOT-016643,5.641488940954933
PLOT-015668,2.9708839690167506
PLOT-016483,2.6297028833469933
PLOT-017761,2.702210763071354
PLOT-016412,1.9992764264516316
PLOT-018097,4.182748434955294
PLOT-016617,1.9201371349340035
PLOT-015356,2.4295120967156616
PLOT-015971,1.5837935670039418
PLOT-018406,2.9651859638154314
PLOT-016749,2.0074925755892554
PLOT-017081,1.9023671973439085
PLOT-015852,2.1234059349749104
PLOT-016208,2.4118291213861442
PLOT-017786,2.092184999783201
PLOT-017839,2.5830065083840927
PLOT-015751,2.1927865439006924
PLOT-018336,2.8541942021441575
PLOT-018593,5.118467297985271
PLOT-015362,1.5248619176025764
PLOT-016078,1.7496393480691956
PLOT-016597,2.804164768513839
PLOT-015012,2.5797753958919336
PLOT-015485,2.4615712957705087
PLOT-016261,3.07729983085287
PLOT-016745,3.3487326027267827
PLOT-017735,4.139348530747402
PLOT-018382,3.4277989133653453
PLOT-015786,2.01204983799253
PLOT-015959,2.7138535938582162
PLOT-017655,0.7369612237729309
PLOT-015740,1.801590711281275
PLOT-015524,2.2481167208895494
PLOT-017879,4.803383796198547
PLOT-017634,1.652616952722877
PLOT-018092,4.047826348206279
PLOT-017915,2.1273379910418195
PLOT-018621,2.294091636981879
PLOT-017004,3.5543413778351396
PLOT-015884,2.2509529350944097
PLOT-017530,2.1054833621432487
PLOT-015453,3.691127311200263
PLOT-018324,2.7022148949516973
PLOT-016657,1.2374668221984544
PLOT-018639,2.1107497145340544
PLOT-017328,1.7958688193345218
PLOT-016425,3.233450407858177
PLOT-015099,2.9015307796452063
PLOT-018690,2.2450875132592896
PLOT-017698,1.8555216900741072
PLOT-015979,1.5159868112057557
PLOT-016157,5.107350561646838
PLOT-017015,2.5662380581357427
PLOT-016374,2.3550377531637836
PLOT-016381,2.2177377102158085
PLOT-016040,2.2977925994467316
PLOT-017168,2.1955267320314507
PLOT-016286,7.103329026569934
PLOT-015760,4.714757969252272
PLOT-016086,1.745317852519804
PLOT-016767,1.8782106195218125
PLOT-015210,3.294921887507988
PLOT-016596,4.008779273909792
PLOT-017052,1.5308647109455988
PLOT-016240,4.705030974674758
PLOT-017276,2.8478632098065
PLOT-017590,3.2476324160784285
PLOT-017768,4.945006304284425
PLOT-017526,3.2343387511100725
PLOT-016171,4.291294342928218
PLOT-016459,4.346854367447037
PLOT-016183,3.4369387688688393
PLOT-018534,4.4027771742105815
PLOT-018132,3.5223251272617055
PLOT-015773,4.990056879230076
PLOT-017304,3.4407129132125585
PLOT-015631,2.828764227846804
PLOT-016153,3.9935511276166795
PLOT-016398,2.603453103797028
PLOT-015387,1.1025118841293389
PLOT-016496,3.105897268106483
PLOT-016971,2.0069300936282213
PLOT-016116,3.755338876438096
PLOT-015476,1.3857162149385693
PLOT-016547,4.473586890606191
PLOT-016463,2.3486315846942096
PLOT-017930,2.1472738139099024
PLOT-016242,1.223719120493725
PLOT-018215,4.195048264297065
PLOT-017425,7.9150607272174875
PLOT-018564,2.6068246025043633
PLOT-015833,4.694003048353265
PLOT-017116,2.7087333006549694
PLOT-017323,5.758834167155822
PLOT-015523,4.850132625416649
PLOT-015203,4.211171957175109
PLOT-018506,4.281232945910507
PLOT-015736,2.8202613013699516
PLOT-018510,4.9438913834383555
PLOT-018104,1.9024760255253268
PLOT-017736,0.541795391473003
PLOT-018520,4.045909190931192
PLOT-017342,3.574971341927037
PLOT-016690,1.2613678426852948
PLOT-015929,4.216469916796939
PLOT-017434,1.4666536600376987
PLOT-015372,1.899606093987854
PLOT-017272,3.012854903616041
PLOT-015488,3.3230237918337613
PLOT-018235,0.7822253608098386
PLOT-016167,5.924433398245326
PLOT-017166,2.5455956355919525
PLOT-018586,2.5100739417456968
PLOT-015676,2.308687832325041
PLOT-017242,2.0012498858726198
PLOT-017668,2.863525580741175
PLOT-016121,3.7732166298724072
PLOT-017644,1.754181157205
PLOT-017835,1.7687298182490698
PLOT-017227,1.6595006429455852
PLOT-018024,2.551967596943237
PLOT-015700,5.40165733249087
PLOT-017264,4.240793251299745
PLOT-017394,2.2379183788305856
PLOT-018455,2.098443378718538
PLOT-016108,2.4054239906758514
PLOT-015224,3.827911781734863
PLOT-017557,2.4670299221087246
PLOT-017020,3.6530754034439177
PLOT-015587,3.9012052584101617
PLOT-015172,4.962497152531816
PLOT-017124,3.1457099847684726
PLOT-016324,4.3767262894870385
PLOT-015110,1.174185363941205
PLOT-015582,3.487424019535167
PLOT-017565,2.3047813643703714
PLOT-016420,5.12841482614831
PLOT-017970,3.757024290927433
PLOT-018061,2.5534760049470626
PLOT-015255,3.6237840845328955
PLOT-018672,1.6101160501242042
PLOT-015455,1.7205554005266
PLOT-016493,1.7030919676703644
PLOT-018113,1.2409788746454036
PLOT-018523,0.4611218441100848
PLOT-015800,4.237448012552925
PLOT-018463,3.4011638756574634
PLOT-018135,1.6841153756134095
PLOT-017335,2.8749180591844685
PLOT-017223,1.248089682503494
PLOT-017864,6.835599742169828
PLOT-015118,2.630098465522897
PLOT-016911,1.6128935309829142
PLOT-017651,5.629687497645498
PLOT-017281,3.125604326990861
PLOT-016514,1.2209090282023334
PLOT-015876,3.9372553129314785
PLOT-018403,2.901150494380124
PLOT-017055,2.4150250145422745
PLOT-015600,3.223573369804279
PLOT-015008,5.334799247398442
PLOT-016164,3.8944762697968085
PLOT-018668,2.7469890923637217
PLOT-016809,5.7229400210440415
PLOT-016774,3.2485335529244512
PLOT-016781,5.887699439306396
PLOT-018422,0.9824061836993753
PLOT-017994,3.068741428108689
PLOT-015536,2.1890842729873143
PLOT-018511,4.9476852394153426
PLOT-017667,2.3233002672591265
PLOT-018575,1.8854196778505719
PLOT-018678,2.019488899339053
PLOT-015275,4.690964513230319
PLOT-018426,2.444230449321538
PLOT-016434,1.8671610809512
PLOT-016489,1.9572530864036923
PLOT-015442,3.6124098925628276
PLOT-018383,1.659562660150772
PLOT-017143,2.7623422062475864
PLOT-016564,1.4541268891604884
PLOT-018128,2.850823611745642
PLOT-015984,4.38333261612631
PLOT-015785,2.688859545963572
PLOT-015928,2.442620836725111
PLOT-016260,2.486246278627272
PLOT-016294,2.619476702832829
PLOT-018259,3.9036059950973603
PLOT-018616,4.075723457544641
PLOT-018606,2.384794035875354
PLOT-017216,5.041977606421589
PLOT-016135,3.620294303767157
PLOT-017665,1.7872640682635081
PLOT-015871,3.7871021599935064
PLOT-017086,3.431516531192051
PLOT-015847,4.41058517416891
PLOT-018227,4.062434757807702
PLOT-015024,0.9958919651220861
PLOT-018345,3.714448171542876
PLOT-015057,1.9299147831277739
PLOT-017594,2.128406485080614
PLOT-015190,1.8917057835128612
PLOT-015898,1.1728781051321233
PLOT-017490,1.9736032702500403
PLOT-018357,3.143799476752079
PLOT-017513,3.7181854643412384
PLOT-015492,1.2427051731656467
PLOT-015962,2.3725057962922023
PLOT-016257,3.079302725466724
PLOT-018022,2.1915229592936876
PLOT-015640,3.72151210831116
PLOT-015002,2.3927194008080495
PLOT-016344,4.821210539322666
PLOT-017575,3.373303936706817
PLOT-015141,2.112073822249222
PLOT-016820,3.721883018238645
PLOT-017501,2.487294009904561
PLOT-015612,2.6064182944387713
PLOT-017531,2.8913895293190124
PLOT-016582,2.0718911918368854
PLOT-017965,2.1060167124844686
PLOT-017991,3.434906206277724
PLOT-017054,4.492614992094603
PLOT-015227,1.8871088662873463
PLOT-018364,2.6316220466706777
PLOT-015568,0.701779209714146
PLOT-016732,2.903562671544179
PLOT-015572,5.2148250142207955
PLOT-017017,2.9424407553981893
PLOT-017741,4.104377687918733
PLOT-017961,2.323184505881735
PLOT-017989,1.9364433427290175
PLOT-015289,3.7027854534715825
PLOT-016122,2.3700464336134983
PLOT-015920,1.6979658818085748
PLOT-017109,1.303151651804008
PLOT-016583,1.1412871916800245
PLOT-016229,4.495300591438619
PLOT-015939,5.3328887084294445
PLOT-017762,4.064965548643541
PLOT-017536,3.17844831010478
PLOT-015426,2.511478390932287
PLOT-018053,5.5939806201956115
PLOT-016144,2.8428967969604098
PLOT-017211,1.9829533977701719
PLOT-015602,1.0153322499196151
PLOT-017111,3.5806541182888045
PLOT-017779,5.430872051325053
PLOT-018017,1.7006942019268247
PLOT-017521,4.953915387621351
PLOT-016308,2.684364784482314
PLOT-018248,2.3423571453938354
PLOT-015423,1.0815647500700685
PLOT-017728,2.345321332215555
PLOT-016429,4.275251860903709
PLOT-015578,2.6218086927650925
PLOT-015278,4.301136371936132
PLOT-016491,1.025674245621674
PLOT-015151,2.3515205540022315
PLOT-018130,1.7784598554582782
PLOT-015378,3.1114012782066824
PLOT-015895,2.193853639327431
PLOT-018666,3.081697321927386
PLOT-018355,5.0854686863901035
PLOT-015841,4.212451034613554
PLOT-018209,5.90464877003946
PLOT-017194,3.1202081410740563
PLOT-018301,2.3278181183010997
PLOT-016614,2.05137044667303
PLOT-017783,2.9649353214170455
PLOT-015717,1.071786855094366
PLOT-018032,2.3781434797386316
PLOT-015386,2.452146085742522
PLOT-015446,1.8874389949496253
PLOT-017106,3.3909391394108703
PLOT-018727,2.1241224692322636
PLOT-016222,2.4764714142064608
PLOT-017595,2.212516468036396
PLOT-018172,2.9801035578346453
PLOT-015142,2.5403360322249315
PLOT-017254,1.2735471831671707
PLOT-016903,2.468994213140138
PLOT-018037,2.2920728039103277
PLOT-017457,3.8578198238212433
PLOT-015451,4.661513766572653
PLOT-016228,3.3330665638758075
PLOT-016256,2.087774850349569
PLOT-018188,1.4849362529432721
PLOT-018187,3.517457951938985
PLOT-017395,1.6691766957846084
PLOT-017502,2.068400229658635
PLOT-017246,5.851843195925623
PLOT-017679,3.025405410490677
PLOT-017645,1.920768016601534
PLOT-015734,3.5871966670231292
PLOT-017931,3.038973735725757
PLOT-015456,4.64250921390743
PLOT-016391,2.419156363476677
PLOT-017703,2.555700781156507
PLOT-017955,3.195302555414091
PLOT-018424,2.5468023490306213
PLOT-017704,3.4392954161065123
PLOT-017831,3.9981738703781526
PLOT-017693,0.6954488558220089
PLOT-018179,1.1447214185669923
PLOT-017740,3.0703638806174935
PLOT-016670,2.5649814330089495
PLOT-016876,1.9624316222338074
PLOT-016457,1.3949563968325993
PLOT-016188,0.9188570907474355
PLOT-016523,1.431776426241614
PLOT-015803,1.4964328209113085
PLOT-017592,1.9297508098763785
PLOT-015036,3.4314225764233366
PLOT-018547,0.9550157666623846
PLOT-018490,7.59315323861945
PLOT-017201,3.7101225851424102
PLOT-018559,2.8272610952577537
PLOT-015855,1.744026993161663
PLOT-017407,1.585603271763344
PLOT-017748,3.3412984791484095
PLOT-016325,3.1679847854035175
PLOT-016910,0.9091706522087024
PLOT-016626,3.2612925522612404
PLOT-016727,2.6140668474627398
PLOT-015100,0.7550023608044413
PLOT-018251,1.6334624305851664
PLOT-016929,3.348019352734162
PLOT-015341,3.6221248713601812
PLOT-018532,2.673898273837971
PLOT-016312,3.2394186142459316
PLOT-015540,1.53527467608219
PLOT-018292,2.1335743132182428
PLOT-015243,1.2517657635674755
PLOT-018342,2.2370764719631198
PLOT-015419,2.276696005217526
PLOT-018330,1.2341202227398862
PLOT-016888,2.4757321580523737
PLOT-016734,2.421913355497433
PLOT-015727,1.730170104266515
PLOT-015037,2.3430931578711807
PLOT-017202,3.3270866240157257
PLOT-016742,2.5812728940752274
PLOT-017898,2.4038942190193175
PLOT-015071,3.3781971705545066
PLOT-017951,2.502388023747376
PLOT-016203,1.417937460489944
PLOT-015226,2.7453095387291038
PLOT-016141,0.8690514992344248
PLOT-015669,4.499007025168207
PLOT-017411,3.2574666508386385
PLOT-016541,3.4233526922699395
PLOT-017846,1.4339121178113792
PLOT-018428,3.277150194829709
PLOT-016849,1.8460472901562028
PLOT-016102,3.245629541136825
PLOT-018657,0.6411387207388917
PLOT-017114,5.027858468284341
PLOT-018335,2.9308030686720574
PLOT-015468,3.067136696659997
PLOT-017031,2.3518534644497673
PLOT-017787,3.612367178989136
PLOT-016916,2.4572743000275925
PLOT-017311,2.4398106742754604
PLOT-018389,0.925955783417438
PLOT-015824,1.6935784425183895
PLOT-016396,1.6523479616288832
PLOT-017975,4.915047810499968
PLOT-017363,4.098570953891243
PLOT-015845,2.808962447761158
PLOT-017777,2.8890295585779
PLOT-017911,3.169434702912145
PLOT-018123,4.32763269534621
PLOT-015078,3.2206381112422027
PLOT-018160,3.865283600748821
PLOT-016321,2.136674203660308
PLOT-016083,2.5355417242219302
PLOT-016320,2.2431963476668026
PLOT-017558,5.371491040635195
PLOT-018363,5.855882928295677
PLOT-016700,0.9256447279933758
PLOT-015943,1.386079762704112
PLOT-017712,2.4280949884754275
PLOT-018304,3.04332791907847
PLOT-016733,3.244608762291121
PLOT-015241,1.930497566788454
PLOT-018312,2.3264785129884356
PLOT-018299,2.4281436515135657
PLOT-017856,3.578194796158539
PLOT-018006,4.044420116247717
PLOT-018302,4.860876070120814
PLOT-015526,4.082951143354662
PLOT-015798,3.0481682674702286
PLOT-015713,3.5563014530167614
PLOT-018139,2.5509434581775188
PLOT-018685,1.4830018561894722
PLOT-015738,1.8976244533751556
PLOT-016946,2.3345424951518585
PLOT-017225,3.213068167008775
PLOT-018118,3.2298859095491066
PLOT-018434,3.4482488095884323
PLOT-016377,3.7919378656316978
PLOT-016914,6.407468362135024
PLOT-016778,5.014841148386642
PLOT-018633,2.4790518510261905
PLOT-015757,4.474513616464993
PLOT-017711,2.851725592165876
PLOT-015429,5.126392420930325
PLOT-016982,4.195643285234328
PLOT-018432,3.2198982989002323
PLOT-018313,1.6790302431785842
PLOT-016966,5.444965818367545
PLOT-015981,2.9495517133546474
PLOT-015263,1.636251569272208
PLOT-018202,3.3813763415853106
PLOT-018701,3.0711444316197825
PLOT-015547,0.6804333794240597
PLOT-015454,2.7097465305756994
PLOT-015338,5.208707021086583
PLOT-015026,1.7095517283927977
PLOT-017844,1.5287199603843626
PLOT-016062,2.1243724203703196
PLOT-015320,3.200450869320829
PLOT-015000,3.4530807533887735
PLOT-016506,1.2432611943304146
PLOT-018686,2.044065624938554
PLOT-016151,2.441908936004747
PLOT-015407,2.0802131326686197
PLOT-016769,4.145440654812445
PLOT-016210,1.992921977501481
PLOT-015750,3.1154666839682497
PLOT-017000,1.4048716642454502
PLOT-016542,3.3554798721098744
PLOT-017794,2.6744650845117364
PLOT-016095,5.081364591670326
PLOT-018217,3.3695752017946528
PLOT-015577,3.4401455964094225
PLOT-016326,2.153549487011205
PLOT-017811,2.9465601440466465
PLOT-018143,2.364815323457008
PLOT-017234,4.471352296479527
PLOT-015270,1.8596664078520189
PLOT-015170,1.7255305677422976
PLOT-017905,4.266944089132426
PLOT-017189,0.9177328601738359
PLOT-016783,3.5347355261156355
PLOT-015674,4.010666822557491
PLOT-017807,2.6396432622639154
PLOT-016868,3.397715184664919
PLOT-018515,0.8517718088966187
PLOT-016441,6.0344106442368695
PLOT-016723,1.6302424039677632
PLOT-016958,3.183874850196678
PLOT-016619,1.008627230761695
PLOT-017366,2.385425784466714
PLOT-017866,3.6938772833911684
PLOT-016987,5.243249404990812
PLOT-015253,1.6998477651743422
PLOT-016276,1.908261262269109
PLOT-017910,2.313329212510154
PLOT-017289,2.735822305099923
PLOT-015295,3.9051731077968475
PLOT-015053,1.4256325840945179
PLOT-016096,1.454937329275251
PLOT-015191,2.3471397015705886
PLOT-015301,2.9223134265320203
PLOT-015365,3.3540954843849917
PLOT-017499,3.4614964046103207
PLOT-016977,3.23325147706088
PLOT-018703,2.0969082929920235
PLOT-015744,2.587825075456452
PLOT-016191,3.221414987029318
PLOT-017039,2.71841682933401
PLOT-017670,2.9951588605394273
PLOT-016923,3.5871466190912837
PLOT-016355,1.445318872830435
PLOT-016113,2.268503628467984
PLOT-017511,2.909128971659147
PLOT-015374,3.0933893822427763
PLOT-016821,1.7291487475821972
PLOT-015291,0.8919310700312292
PLOT-018358,3.9030385974000508
PLOT-015389,3.334036078138628
PLOT-018375,3.219455031299347
PLOT-018133,3.5152243649337085
PLOT-016180,3.488842671002641
PLOT-016598,2.50185634878655
PLOT-018514,2.5937032855097355
PLOT-017084,1.2334348012479366
PLOT-015214,3.1384897020827434
PLOT-016016,3.098019969181886
PLOT-016864,3.7036353597297627
PLOT-015410,1.3238130139757982
PLOT-016545,3.386359105514345
PLOT-017619,1.4334230602460518
PLOT-015832,2.0579774636369605
PLOT-015179,4.345797421644959
PLOT-015690,0.5194667592768655
PLOT-018122,1.3109784022124045
PLOT-015470,1.8539620520833304
PLOT-015704,3.360070058537806
PLOT-017346,0.6714240120933161
PLOT-018653,1.2962382388606395
PLOT-017887,1.7464319028667732
PLOT-017593,2.6028700336038555
PLOT-016075,3.270524093963672
PLOT-018680,4.1132289824062624
PLOT-016627,1.691165682092612
PLOT-018399,3.2377357491287784
PLOT-018295,3.596612456294015
PLOT-015063,6.4715584594455375
PLOT-015769,2.945615607503598
PLOT-016428,1.940216969366674
PLOT-015324,2.0657193031087644
PLOT-015819,3.1727692216766004
PLOT-015780,0.7405291288743527
PLOT-016699,2.120945963212316
PLOT-016123,4.490067303617291
PLOT-018152,2.6324247934761944
PLOT-015752,3.5149755069297854
PLOT-016067,3.2497913985076585
PLOT-018614,5.44781551044392
PLOT-016041,2.106761874491335
PLOT-018109,2.93178247426218
PLOT-017417,2.836853083373756
PLOT-015716,0.8987266106391271
PLOT-017717,2.6566868098548344
PLOT-017582,2.8812258641181683
PLOT-015550,2.485770939238058
PLOT-018008,3.4635948287842493
PLOT-015749,1.0400931217471383
PLOT-016487,3.9955281410383274
PLOT-017486,1.9467437522609907
PLOT-018337,2.0712262895934854
PLOT-017426,2.6440175560938726
PLOT-018213,1.679246096679999
PLOT-017928,4.576669359432531
PLOT-018400,1.4428911095969505
PLOT-018531,1.4529665609117104
PLOT-017130,3.8599445307619704
PLOT-015842,2.557936746446673
PLOT-016997,5.171026303462074
PLOT-015020,3.590882387123898
PLOT-017418,4.278418394215722
PLOT-015879,1.2577978180787142
PLOT-017329,2.2601621356141184
PLOT-018050,3.34376785719057
PLOT-015863,5.954668896208323
PLOT-017190,2.5756761468474525
PLOT-016376,3.437629259930892
PLOT-016936,1.716554138343394
PLOT-015354,2.115420639275666
PLOT-015951,1.1870165246276534
PLOT-018496,0.9485657102923123
PLOT-016930,4.219142976475016
PLOT-016430,5.936724126962878
PLOT-018121,3.783644822672137
PLOT-017543,2.55785399331923
PLOT-017978,3.368621787394446
PLOT-016305,5.553464719839803
PLOT-016073,2.49483398843571
PLOT-016159,1.6127988302508378
PLOT-015058,1.780044458547623
PLOT-017450,4.479646629312605
PLOT-017033,2.6117652237730287
PLOT-016696,2.501447926719954
PLOT-016379,1.2589066603305832
PLOT-016536,2.571824854291892
PLOT-016593,2.5059672919099403
PLOT-018407,2.337982153739092
PLOT-016539,0.6473639495524829
PLOT-017566,1.919030238110451
PLOT-016423,2.5255258681170476
PLOT-017899,1.18612987083536
PLOT-016718,2.623580714580455
PLOT-018418,3.0156893218740435
PLOT-017527,3.089279856509456
PLOT-016068,3.198561017588996
PLOT-015147,2.6938008171596253
PLOT-016715,3.4784917001086493
PLOT-018198,2.9321968873911644
PLOT-016589,3.4587718528763842
PLOT-017747,2.868725185606228
PLOT-016531,2.5631639715218837
PLOT-017799,2.712344841811978
PLOT-015452,0.6038961071930937
PLOT-016561,1.1864997063641232
PLOT-016955,3.626794817314025
PLOT-018544,2.384700767871982
PLOT-015192,1.2872745653906312
PLOT-016038,2.3992685547537254
PLOT-016537,4.308380296189597
PLOT-016293,2.298713224370589
PLOT-018398,1.782645348298975
PLOT-018378,2.333904758929852
PLOT-017606,4.030529326274358
PLOT-015626,3.0285036541514687
PLOT-016697,2.019459999564099
PLOT-017338,3.2487913078216706
PLOT-018067,2.162363670379401
PLOT-017294,3.3213335035155733
PLOT-015974,2.5419871886081222
PLOT-016763,2.0805893039670837
PLOT-018460,3.235536413740736
PLOT-015150,5.439693021698861
PLOT-017948,5.178143899092444
PLOT-016524,4.7147823331864895
PLOT-018623,3.153526491259008
PLOT-018719,3.540307858467678
PLOT-016939,2.168894393786445
PLOT-018360,6.558287888778835
PLOT-015484,0.7915258900143214
PLOT-017520,1.6293651248434058
PLOT-018042,3.8252160767062446
PLOT-016302,2.353015645932633
PLOT-015649,3.5370219253239754
PLOT-016495,2.926675866728594
PLOT-018724,2.1708592314776105
PLOT-016527,3.573843842762746
PLOT-018568,3.979412556911042
PLOT-017347,4.336901675647054
PLOT-018331,3.4142625273404708
PLOT-018482,2.385670065019521
PLOT-017082,4.368699634636709
PLOT-016216,1.9445664513600172
PLOT-018468,1.615793700125937
PLOT-015945,3.1683574979523357
PLOT-018396,4.4450239063140815
PLOT-015072,3.8522031246339634
PLOT-016610,2.3523391430397265
PLOT-017614,5.6611609802576055
PLOT-017098,0.7971580340930153
PLOT-018503,1.9326925825248846
PLOT-015762,1.7497235428865054
PLOT-015089,3.789238765980048
PLOT-017621,3.5383637356150097
PLOT-016375,2.4347391088332713
PLOT-015017,2.9686815422517903
PLOT-018494,2.3752852689048485
PLOT-015804,6.094021903056373
PLOT-016526,2.489398536741081
PLOT-018537,3.421686624310647
PLOT-017662,0.8476585194348811
PLOT-016127,1.9348467719904587
PLOT-017248,2.1913786209183117
PLOT-015838,2.4011547691683175
PLOT-016057,3.798415026822707
PLOT-015864,1.2849257681898463
PLOT-018182,2.3638635281684977
PLOT-018404,1.5865494547845922
PLOT-015298,2.132620337296044
PLOT-018059,0.42266071869241933
PLOT-016801,2.084578888486281
PLOT-016871,2.2761151298561653
PLOT-016061,3.1954087458091154
PLOT-016029,3.654052394564701
PLOT-017769,1.767276287353626
PLOT-017182,2.823336577178304
PLOT-015398,3.443822129873266
PLOT-017643,4.7119878922975476
PLOT-016337,3.8018581085068996
PLOT-016802,2.098543462629706
PLOT-017918,2.4437844906714536
PLOT-017142,2.5734591110931677
PLOT-016845,2.6396769137561695
PLOT-015395,2.1446125157978635
PLOT-015094,3.571550262354934
PLOT-016291,1.1594308815130725
PLOT-018411,2.686926255553096
PLOT-016353,2.4001802765439937
PLOT-016469,2.74977542235644
PLOT-018585,1.9013988612722468
PLOT-018311,4.925804962095216
PLOT-016444,2.8684662453440426
PLOT-016543,2.3284126860455485
PLOT-018658,2.876570671521435
PLOT-016942,2.3786046933228144
PLOT-018518,3.1090862958455805
PLOT-015661,3.2688156528675423
PLOT-018117,1.287542039383672
PLOT-016682,1.8842473673081739
PLOT-016635,1.6709764402609368
PLOT-018065,1.5725919791703062
PLOT-015317,2.5762581814531385
PLOT-018334,2.348046426544022
PLOT-017233,2.419381014524893
PLOT-015947,1.2297184757196036
PLOT-018376,2.915213335022083
PLOT-015770,3.452900881226107
PLOT-016380,2.2481888610525402
PLOT-016962,2.8620038951091415
PLOT-017470,1.44540241109136
PLOT-015544,5.048822705281158
PLOT-016382,4.997580695460713
PLOT-018216,1.3074302592867848
PLOT-018102,3.13934547417126
PLOT-016831,2.234888535942814
PLOT-015635,3.319331964167997
PLOT-016181,4.434885997347301
PLOT-017041,7.23768054699352
PLOT-017685,1.0989537190537246
PLOT-015108,2.2473080403181287
PLOT-017439,2.6615355523860784
PLOT-017754,4.090486467472619
PLOT-017410,1.8023268267588752
PLOT-017548,2.0790500438634463
PLOT-017161,3.728345481278344
PLOT-016940,2.6972510457412295
PLOT-018256,3.885509247061028
PLOT-015139,2.7196744051325314
PLOT-015712,3.4795670353224537
PLOT-017144,5.176403468112604
PLOT-015287,1.4139105547719737
PLOT-017077,1.0509444294988175
PLOT-015823,3.797998405130508
PLOT-017035,2.5539374430717157
PLOT-017914,2.3518418677293793
PLOT-017449,1.5943276153360473
PLOT-016869,1.3081355500629799
PLOT-016513,3.8656660781394536
PLOT-018023,2.365282168496835
PLOT-018300,3.224072801067206
PLOT-016224,6.11634198221708
PLOT-018176,2.321288580417801
PLOT-018509,2.0628598044135478
PLOT-017099,2.963004372372817
PLOT-015525,1.2910370717952906
PLOT-015473,2.155087540665028
PLOT-015506,2.4216814603737093
PLOT-017011,2.854788459319765
PLOT-016223,0.9202433060634513
PLOT-015396,2.1015199826901707
PLOT-015515,3.3490571607647732
PLOT-016343,2.4172645029914435
PLOT-015891,2.5855275847607126
PLOT-018412,3.402809157073718
PLOT-016264,2.687008958445113
PLOT-017164,2.7372224622826002
PLOT-015877,2.1920378579876734
PLOT-017118,4.976749410074647
PLOT-015013,1.6617134794636135
PLOT-018693,2.2608673700700224
PLOT-017065,1.739157957220727
PLOT-017825,3.1019471033133397
PLOT-017812,4.887265237419389
PLOT-015376,0.9322970463216391
PLOT-017361,1.949490133082312
PLOT-016900,2.8097789628060648
PLOT-015857,4.3817584204730355
PLOT-015503,3.588771386093668
PLOT-016081,4.0252908015936635
PLOT-015046,3.1272996132987063
PLOT-017297,2.651580147185324
PLOT-015266,1.6397946882419778
PLOT-017626,3.3523929120715814
PLOT-018346,1.2854218676551978
PLOT-016549,1.3426676029370066
PLOT-016022,4.349800580697125
PLOT-015232,1.641822741722453
PLOT-018063,1.6762656916703114
PLOT-018243,2.0863395650756345
PLOT-018354,5.929286652789003
PLOT-018562,5.512027457736708
PLOT-018681,3.174562502336537
PLOT-016189,1.1699642310821041
PLOT-018028,1.4031331852590514
PLOT-017188,1.7036626876972825
PLOT-016584,1.956528789450485
PLOT-015173,2.3797347953008927
PLOT-016165,2.1888097565624096
PLOT-015204,2.1489597780412257
PLOT-017519,0.9226268648096307
PLOT-017263,4.969606275140418
PLOT-016177,2.002509374217768
PLOT-016162,2.554800206582347
PLOT-015630,2.9325350704468667
PLOT-015681,1.5714739269033111
PLOT-018683,1.5271607915370033
PLOT-018016,1.576499104131973
PLOT-018408,1.9654310998468087
PLOT-018240,1.8392670172430217
PLOT-016511,2.1899563783442604
PLOT-015621,3.592076877003357
PLOT-016450,2.9624719886112025
PLOT-017455,2.983035072828704
PLOT-016554,2.506032333578186
PLOT-016292,1.857173453480687
PLOT-016106,1.196883986978529
PLOT-016600,1.809969770461188
PLOT-016409,5.08545921049401
PLOT-015132,3.2692032554324393
PLOT-016851,0.7830457457159496
PLOT-016124,2.502268080194268
PLOT-016036,2.40355261567373
PLOT-015644,4.070431912949653
PLOT-015778,1.441315589783146
PLOT-016447,3.613859270588409
PLOT-018162,1.673793300326504
PLOT-017716,3.2335143168113407
PLOT-017552,2.826456932866333
PLOT-017314,1.5295194346990189
PLOT-018456,3.440012841189201
PLOT-018366,0.3702518837966825
PLOT-017516,1.105360742086031
PLOT-017745,3.4204339424842827
PLOT-016586,2.6092681740708077
PLOT-015117,6.042298592428848
PLOT-018642,1.0178993384522397
PLOT-016192,1.9967431422421738
PLOT-017603,5.783633714782239
PLOT-015563,1.7182563192267837
PLOT-015722,3.5631076715888987
PLOT-016418,2.4664153217452824
PLOT-015490,3.032715752570721
PLOT-016070,3.2481015267380684
PLOT-017280,2.81580947104454
PLOT-018148,1.7898978671897054
PLOT-017185,3.1671928229148354
PLOT-017320,2.346133113905308
PLOT-017461,1.632104032705
PLOT-017222,2.0116533165762918
PLOT-016458,3.1674940090875734
PLOT-017706,2.6522545510960076
PLOT-018415,2.2740397763332822
PLOT-017068,3.7580129080515032
PLOT-017350,3.114765843790255
PLOT-015609,3.214837293202454
PLOT-016538,2.807284963364908
PLOT-016455,2.741865638076945
PLOT-017436,1.2578955431357866
PLOT-017021,3.4023340563600484
PLOT-015997,1.8179846174080376
PLOT-015576,2.2481898373598685
PLOT-016163,3.112768168888519
PLOT-015019,3.157696885153056
PLOT-018325,3.0952076062368925
PLOT-017906,2.5970034419510566
PLOT-017751,1.7232522111045854
PLOT-016274,2.6241722621917893
PLOT-015755,2.0318354312949745
PLOT-015754,3.4871693930297973
PLOT-017451,1.6251108955114604
PLOT-016327,0.2803366366080179
PLOT-015639,1.3513058670166878
PLOT-017749,6.048440995214215
PLOT-015043,2.163564626989255
PLOT-015007,2.4254137821918538
PLOT-018070,3.2782209864639316
PLOT-017383,3.5225213033621205
PLOT-015471,1.0597916405395855
PLOT-015421,2.6637760640340855
PLOT-017310,3.0686640039043107
PLOT-015189,3.284515461721827
PLOT-018619,4.030533849542723
PLOT-018662,2.2843533842781523
PLOT-015905,2.5654617681924363
PLOT-017729,2.4267160918960617
PLOT-018049,5.762607195135434
PLOT-018258,5.5316698033768485
PLOT-015464,4.966490099608969
PLOT-017950,2.640681618687237
PLOT-017629,3.1499305129620505
PLOT-018281,1.0669518260829969
PLOT-017334,2.5489428943204175
PLOT-016435,4.175183820898439
PLOT-018689,0.43098084867299397
PLOT-016965,3.406049182193864
PLOT-015065,1.7380899037345399
PLOT-017043,0.8939339707611045
PLOT-017373,0.9253122119070156
PLOT-015432,2.3461350877007314
PLOT-016432,2.0117974243969057
PLOT-015101,2.315257832532128
PLOT-015048,1.589567438252043
PLOT-018103,1.3860534414872878
PLOT-018214,2.0510107658592047
PLOT-016847,2.7337826566074765
PLOT-018171,3.2059699566432904
PLOT-017285,2.3126616866304017
PLOT-017385,1.260326332170545
PLOT-016777,3.3331844655864526
PLOT-017695,4.107313482379149
PLOT-018153,2.153213085628913
PLOT-015828,1.9642530097593138
PLOT-017355,3.1663247308508646
PLOT-015129,5.576200902246909
PLOT-018054,3.7990825976806923
PLOT-017085,4.841916295550885
PLOT-015849,2.9776625788467435
PLOT-016953,3.652027357758944
PLOT-015315,1.1904077357898524
PLOT-016647,2.873857170465632
PLOT-015237,1.7928493236759149
PLOT-018319,2.6123495435400685
PLOT-016873,0.9213802617221063
PLOT-017974,4.58445786855942
PLOT-018443,3.6380609979008387
PLOT-018365,1.0598799527129021
PLOT-017505,1.2117800022544658
PLOT-015522,1.976057870493911
PLOT-018745,2.6246829781664
PLOT-015054,1.9300273854428414
PLOT-017102,3.4843736032846846
PLOT-018242,3.809706747162636
PLOT-017265,5.319603514555465
PLOT-016109,2.493376835494697
PLOT-018447,4.539960292151867
PLOT-016193,2.207395627984602
PLOT-016481,1.2374945633469334
PLOT-015382,2.7289878404607424
PLOT-018343,3.4406275448390957
PLOT-017919,3.430432909237695
PLOT-015157,4.643556132973021
PLOT-018502,2.540163577963515
PLOT-017858,1.666934760407664
PLOT-015558,2.1799035281668395
PLOT-015835,3.123975661457669
PLOT-018622,2.2148099819415017
PLOT-015463,3.7235121278676964
PLOT-018368,1.3970918687713783
PLOT-018391,1.0975641728167376
PLOT-018371,1.0183432276009492
PLOT-016991,2.187277033057252
PLOT-017973,5.743606353361208
PLOT-018296,3.3822453394701637
PLOT-017471,2.807885387488917
PLOT-017186,0.6373410407751479
PLOT-017409,1.9758160974968795
PLOT-016874,2.61501087268707
PLOT-016806,3.409781664701598
PLOT-015595,4.758588715008463
PLOT-016085,0.8545884493377311
PLOT-018020,3.288683167347274
PLOT-018746,4.894033030627559
PLOT-016815,2.5434599178344457
PLOT-016770,2.6584509988916802
PLOT-017325,2.711635955058453
PLOT-017782,3.622619130129511
PLOT-015367,3.7886090137463384
PLOT-016232,2.5609609948819787
PLOT-018220,2.6710857249130067
PLOT-016601,0.9211546857136513
PLOT-016877,3.033836574649161
PLOT-016671,2.5138507918139537
PLOT-015097,1.6388167825135866
PLOT-015860,0.7296636932942132
PLOT-015364,1.5793402069681297
PLOT-017091,2.675016168070267
PLOT-015381,2.2681340129015277
PLOT-018647,4.48380882291443
PLOT-018469,3.093175249106742
PLOT-017336,1.824054714112844
PLOT-015028,2.014569488629923
PLOT-016098,0.9705603183393925
PLOT-015447,5.043645624124128
PLOT-017820,4.1108032160421715
PLOT-015820,2.542847200639294
PLOT-018170,4.3903036974768925
PLOT-017406,3.356876824372633
PLOT-017123,2.5600008601431763
PLOT-017638,3.2754967302057008
PLOT-017678,2.145604593220498
PLOT-017195,1.9971652454927955
PLOT-016622,1.9233538934081695
PLOT-018173,2.3877375380405987
PLOT-015721,2.0256481358276535
PLOT-017714,2.064820169149415
PLOT-017539,2.8717655445741688
PLOT-018397,2.4060548940238298
PLOT-017423,2.144568035381508
PLOT-016691,1.623980313392125
PLOT-016642,1.0435196922309993
PLOT-015779,2.265532096154038
PLOT-017196,2.7599833581613717
PLOT-016023,1.7627278799246695
PLOT-018288,0.6937646071596906
PLOT-015004,2.008105223141395
PLOT-015428,1.6062282466584121
PLOT-016947,2.485901045102065
PLOT-018660,2.190382848204458
PLOT-016467,2.539910702014307
PLOT-015516,1.2643417015648184
PLOT-017573,3.5130845574784475
PLOT-018058,3.1421882817714586
PLOT-018416,2.844968680894535
PLOT-015350,3.526409013603252
PLOT-016805,2.7858281507159983
PLOT-018191,2.2707747891963357
PLOT-016683,3.3210704171790653
PLOT-015660,2.7606778608928004
PLOT-018430,1.9548017351293232
PLOT-018005,0.7036630474767954
PLOT-017837,5.368598633497875
PLOT-015899,2.46168927887746
PLOT-017525,2.2648517167655418
PLOT-017969,2.977784469280397
PLOT-015158,2.184200637457049
PLOT-015383,2.9205992212742444
PLOT-016721,2.3858512672397074
PLOT-018356,0.9796652041663145
PLOT-015140,5.225155644880687
PLOT-015465,2.627682559602914
PLOT-017766,1.6782039930322579
PLOT-018587,0.9227605854110091
PLOT-015299,2.19680384954592
PLOT-015397,2.233986779081576
PLOT-016615,5.966816558410136
PLOT-015934,4.036251031111202
PLOT-015887,2.933090810270587
PLOT-017283,2.6435164457045333
PLOT-018150,5.402825889783889
PLOT-016922,4.418772386275875
PLOT-016033,2.9288989265479315
PLOT-016776,5.7231424938032145
PLOT-018062,4.176212317614573
PLOT-016634,1.2019127357584092
PLOT-016048,2.9578682256098006
PLOT-018157,1.8504060424291107
PLOT-017537,3.115642930906384
PLOT-016528,1.3363822510546681
PLOT-018120,0.915253329508464
PLOT-015846,1.972802597420195
PLOT-015251,4.311355894472769
PLOT-017037,1.9898933012744655
PLOT-018669,1.8585896436938996
PLOT-015806,4.428642524675535
PLOT-016552,1.6165853155716794
PLOT-017966,2.341414594579319
PLOT-015715,1.001519867051243
PLOT-015336,2.1067138074364093
PLOT-016659,2.1501058880443034
PLOT-015987,3.7142178778754364
PLOT-018505,2.4790337823224005
PLOT-017993,2.911175101720774
PLOT-015195,2.4945840914793145
PLOT-017732,4.226688994692576
PLOT-017551,1.3520293359713276
PLOT-016857,2.2631920465272772
PLOT-016044,1.6583054710903766
PLOT-015279,3.8164909898858697
PLOT-015096,3.9360845731651506
PLOT-016521,2.3740021156714266
PLOT-015441,5.694156573854232
PLOT-016196,3.144014564539397
PLOT-016812,3.1869835452534674
PLOT-016796,3.244524770317362
PLOT-016042,2.586321122093082
PLOT-017922,2.9288135748429123
PLOT-018247,2.0459865996967537
PLOT-017132,3.0123141590949274
PLOT-015330,1.026275811015879
PLOT-015392,3.247005925689689
PLOT-018601,3.2964932364354236
PLOT-018315,1.5065062480240987
PLOT-016515,4.962625308046698
PLOT-015861,2.906950802888457
PLOT-015745,2.632961453780438
PLOT-018347,1.2719216804057851
PLOT-017878,1.4001288446306677
PLOT-016111,2.280834608212447
PLOT-015327,3.530766517685261
PLOT-016119,2.0029758190682454
PLOT-016088,3.216615068105112
PLOT-016897,4.680665810975426
PLOT-017958,1.027186387133752
PLOT-018625,2.2223688340045324
PLOT-018595,1.5975939022249273
PLOT-015003,2.241964925427781
PLOT-015594,3.189802626754705
PLOT-018522,5.0848126693055065
PLOT-018290,2.1680697851600397
PLOT-016490,2.498417571733725
PLOT-018277,2.0719852398484684
PLOT-016870,1.085847257640048
PLOT-015549,2.9149113055509264
PLOT-015556,4.594253685057387
PLOT-016358,1.4921195552834583
PLOT-018163,2.2153162078668127
PLOT-015541,3.9093581906775823
PLOT-018433,3.5897570828768477
PLOT-015252,4.266960094025215
PLOT-015264,2.5860425061138557
PLOT-017622,0.8650568701860103
PLOT-016471,1.4569933169682132
PLOT-016234,2.7576184848166685
PLOT-018679,3.8219914249854234
PLOT-016401,0.35028559190132924
PLOT-016853,4.073402807048419
PLOT-017094,3.999098189018859
PLOT-015918,2.745165420369059
PLOT-018310,1.7903964343439311
PLOT-016064,2.6803628330891462
PLOT-016533,2.423532636119935
PLOT-017579,2.554957429894235
PLOT-015300,4.250789419558923
PLOT-017743,2.1783007910307903
PLOT-017326,1.6327595839605986
PLOT-018033,2.697387710389343
PLOT-015553,2.509972347978624
PLOT-016512,1.4594216403796405
PLOT-018260,2.5610639219767988
PLOT-015467,1.8036828381449754
PLOT-015344,3.0249900878989333
PLOT-017508,2.130587323577853
PLOT-018654,2.6261933961871216
PLOT-018513,2.6942650489737687
PLOT-017654,4.530539772612852
PLOT-018031,2.2809587849703044
PLOT-016417,0.6267488073126357
PLOT-017673,1.4766718515487283
PLOT-017028,2.8950932274181738
PLOT-016448,4.207534087587152
PLOT-015166,1.3999811205082184
PLOT-016706,1.257467748634364
PLOT-016338,3.8159352982050194
PLOT-017441,0.876079389184388
PLOT-017307,6.492668748339535
PLOT-018004,2.6455046093565016
PLOT-018189,3.134779670611691
PLOT-018221,1.2197986243971246
PLOT-015439,2.862018462527231
PLOT-017288,4.63765121946582
PLOT-015021,2.807488683629386
PLOT-018060,3.7315876498432217
PLOT-017401,2.421550026396347
PLOT-016079,0.9281320090126
PLOT-016918,0.5483487895914245
PLOT-018279,0.8525783367093486
PLOT-017215,3.6212307886346298
PLOT-017883,2.7076044437553715
PLOT-016227,4.488008438618919
PLOT-018193,2.4434869123498473
PLOT-016650,3.180416265043075
PLOT-017073,3.4438502745881228
PLOT-016213,1.9868942642062184
PLOT-016544,2.2137102391360917
PLOT-016807,5.972108661992214
PLOT-015313,3.9385182221143182
PLOT-015487,2.4209342873252395
PLOT-015229,3.6329806535379854
PLOT-017570,2.5677394699617406
PLOT-017149,3.9186748451499964
PLOT-017512,2.000344356432086
PLOT-017415,1.0174819600629275
PLOT-017671,2.455860717211765
PLOT-015286,1.7363084349534805
PLOT-017416,1.8357233567123437
PLOT-016698,0.9869551111222722
PLOT-017791,4.768317965275708
PLOT-016653,3.1919125050853534
PLOT-016901,3.6493549056692163
PLOT-015810,3.900393882486141
PLOT-016693,3.5419559011883157
PLOT-017795,3.2609127971761955
PLOT-015431,1.715682851934428
PLOT-018618,2.346928128415736
PLOT-017691,1.4443893008425417
PLOT-018688,3.139393156554551
PLOT-016368,2.3139039327165163
PLOT-015620,1.1047672195200142
PLOT-017145,3.0862670710511484
PLOT-016520,3.7997328772997
PLOT-017880,3.043399062401269
PLOT-015936,2.1276241408945893
PLOT-016205,2.3481383314503126
PLOT-016202,2.810349250523128
PLOT-018695,2.1931770905753076
PLOT-018377,0.6670950093961782
PLOT-018578,0.9861168656498188
PLOT-015130,2.316628916945383
PLOT-015521,1.9439344913630858
PLOT-015955,6.347573878980512
PLOT-015913,3.3770154850835756
PLOT-015859,3.4595914141810713
PLOT-016854,2.429526968697974
PLOT-016315,2.8216644364439762
PLOT-017154,4.129745035987426
PLOT-018613,2.5740405717243418
PLOT-015127,2.239438069783118
PLOT-015284,3.4659415924056045
PLOT-018138,3.6164231820188935
PLOT-015978,3.41729740100303
PLOT-015623,4.569670120447135
PLOT-018735,3.40924583051478
PLOT-015688,3.0577240414540268
PLOT-017370,1.0626815080008682
PLOT-016366,2.7237309175579285
PLOT-017500,2.3646271674431283
PLOT-015995,1.7497318964171158
PLOT-018380,4.4409227282278465
PLOT-017850,0.9034834583778777
PLOT-018112,0.8050304009008843
PLOT-017267,2.5694270463813926
PLOT-015610,3.2099036842733537
PLOT-015458,2.7986866312168064
PLOT-017785,2.134352874984071
PLOT-018676,3.1641530488557432
PLOT-017158,0.7813535708512511
PLOT-015462,2.2122413891171298
PLOT-016573,2.782972513875102
PLOT-015792,0.8693174093397187
PLOT-015504,2.3398586416078677
PLOT-015308,5.5494865309188635
PLOT-017193,2.5021031228520085
PLOT-015363,3.9096773588081106
PLOT-015579,1.7445886004937323
PLOT-015105,1.19343475205867
PLOT-016705,3.0776244365050105
PLOT-017862,1.443010884017897
PLOT-016132,3.074667441281217
PLOT-015507,2.0073135275733054
PLOT-017268,2.560222317287116
PLOT-016011,2.3231147024539527
PLOT-018604,4.616997932183446
PLOT-015946,2.8820116236288293
PLOT-018284,2.556253723426895
PLOT-017040,0.6298587694511144
PLOT-018444,2.6221782836058383
PLOT-017206,3.258834559971808
PLOT-016336,1.4931434891012558
PLOT-018381,0.9360563030234453
PLOT-017522,1.7064236728398194
PLOT-017613,3.253933887778239
PLOT-018439,3.9165234766998975
PLOT-015188,2.1094121996407997
PLOT-016793,3.6974950452705357
PLOT-017261,1.965907550738257
PLOT-017657,1.4563779225946918
PLOT-017609,3.002714289766815
PLOT-017589,3.7938107147020483
PLOT-018624,2.0167683409007324
PLOT-018576,3.096028402770823
PLOT-017635,2.2664401557544562
PLOT-018175,3.5531808279205226
PLOT-017886,2.8939363896166856
PLOT-016959,1.3483025996551903
PLOT-015976,2.1328704546568993
PLOT-016707,6.736583436967282
PLOT-017290,1.6541181496514061
PLOT-017255,1.5134859446808728
PLOT-016818,2.093093859296391
PLOT-015862,4.661643152641899
PLOT-016173,0.9871127047940039
PLOT-016651,3.2189503675226234
PLOT-016340,4.818890876147776
PLOT-018546,1.7541064103389714
PLOT-015281,1.272645647288227
PLOT-016509,1.7031390278645007
PLOT-016832,1.219816392888265
PLOT-017571,1.9096984607036598
PLOT-016115,0.6927516611443612
PLOT-015353,1.5448455829391698
PLOT-016034,0.8470240188964874
PLOT-015731,4.5721242043830435
PLOT-016445,1.4820549661646403
PLOT-015702,1.6760118899126315
PLOT-018635,3.550407992153884
PLOT-018691,2.044784216940878
PLOT-018194,2.762143345815814
PLOT-015160,5.424762281582551
PLOT-018154,1.9205534485667666
PLOT-016881,3.241206630591921
PLOT-018206,1.6818464924973886
PLOT-018742,3.3444974929369993
PLOT-016678,2.303088224126818
PLOT-016137,4.998929273614428
PLOT-016385,3.148778219101332
PLOT-016198,0.6426714456646114
PLOT-017237,2.362196496948112
PLOT-015501,1.785958357638417
PLOT-017076,1.1811108117447446
PLOT-017376,4.029067115676243
PLOT-015162,2.4832008006062978
PLOT-018700,2.590044800057927
PLOT-017152,0.8118589217646417
PLOT-017358,1.4633351733718212
PLOT-015185,2.4459701093205646
PLOT-015459,1.3135513530223628
PLOT-017057,3.274703925772959
PLOT-017387,1.3928452743463555
PLOT-016007,2.4882217913063327
PLOT-016008,5.759093139272445
PLOT-017588,2.0525076656361887
PLOT-018237,1.9963871887636673
PLOT-018374,5.155588740696848
PLOT-017388,1.8019259275963164
PLOT-016890,1.0456862288700217
PLOT-017270,2.285836235038935
PLOT-016287,2.477722512338376
PLOT-015368,2.620269147153638
PLOT-016168,2.675029168884459
PLOT-016402,3.176268429146248
PLOT-016925,4.228830373750795
PLOT-016318,2.963234927981903
PLOT-015493,2.0203908361046454
PLOT-015231,2.366688733245848
PLOT-017623,2.015164536695106
PLOT-015333,1.780372041381847
PLOT-016475,2.4637769180195503
PLOT-017882,2.454286906352408
PLOT-015788,1.8042936215657759
PLOT-016138,2.278623082475776
PLOT-018082,4.456860044036765
PLOT-018131,2.526654828615494
PLOT-017694,2.6142059204188004
PLOT-017868,1.458705163422222
PLOT-015380,2.3662743559296926
PLOT-017554,4.499165396436
PLOT-017713,2.2877882313774522
PLOT-015067,3.8914948328075654
PLOT-016979,1.4448138227911915
PLOT-017271,2.776435927609477
PLOT-016882,0.8972024252444591
PLOT-015477,2.65113943559339
PLOT-018069,0.7873000072290608
PLOT-017976,4.72012030675701
PLOT-018048,3.0533892058521745
PLOT-016172,2.146460160117435
PLOT-018086,0.3042197285353999
PLOT-017599,1.009892775365837
PLOT-016281,1.431084446570451
PLOT-015425,1.583959615149522
PLOT-016602,1.0079442426629595
PLOT-017224,1.7956254302630823
PLOT-015207,3.9884831472253746
PLOT-016333,1.9678210478265747
PLOT-015199,2.469587579593226
PLOT-018659,3.919261075229637
PLOT-018556,2.830664043072653
PLOT-016938,3.035052376921151
PLOT-015881,3.418328250479351
PLOT-015143,2.950867699890235
PLOT-016772,1.2139852464021785
PLOT-016580,2.5073449114570128
PLOT-018580,2.7578834195470443
PLOT-015249,1.5421427277672957
PLOT-018294,2.2694633888401774
PLOT-017392,1.9306933128570938
PLOT-016454,3.6938346068457206
PLOT-017424,2.8183865364895486
PLOT-017633,0.9932963623724176
PLOT-015417,1.971921923686474
PLOT-018569,2.2748551751738533
PLOT-017722,2.5270780087538762
PLOT-017669,2.4477655261751408
PLOT-017245,2.62368583097843
PLOT-017515,1.379193618327188
PLOT-017357,1.9519966336825378
PLOT-017972,1.9246150606933496
PLOT-018230,1.323053597775571
PLOT-017979,2.0325082108319767
PLOT-016128,0.9231010072433539
PLOT-016522,1.1460847101264493
PLOT-017495,1.9758440561035062
PLOT-017483,2.0171271490645815
PLOT-016485,3.6133554216996853
PLOT-016990,4.608173703439235
PLOT-018043,5.536964453995512
PLOT-015912,3.2982298920032473
PLOT-015326,2.6111023259408683
PLOT-017171,0.8730190788358656
PLOT-015083,2.1551080257354216
PLOT-015765,2.9454555018335675
PLOT-017422,3.2206771061101773
PLOT-017676,2.87408822248127
PLOT-015102,2.3373511349179155
PLOT-015146,1.557244868175154
PLOT-016133,2.481614238048496
PLOT-018064,3.265343263459753
PLOT-015394,2.9435964995193906
PLOT-018384,5.543964528204313
PLOT-017217,3.737837496130619
PLOT-017805,2.122131074401998
PLOT-018557,3.0295029639589255
PLOT-016221,2.1526411649340758
PLOT-017317,2.0639978992721435
PLOT-017869,3.574977520985533
PLOT-018682,4.547548033629387
PLOT-016288,2.835134444219724
PLOT-015321,1.0388344277088344
PLOT-015111,2.5214273913768817
PLOT-015588,3.78262328105132
PLOT-016957,3.346144388036376
PLOT-018219,2.954757235112402
PLOT-018705,1.5277468244402646
PLOT-018074,1.735599303083302
PLOT-017616,0.9989994045179958
PLOT-016478,2.671725957946417
PLOT-017397,3.343176661797241
PLOT-015136,3.8693435061686903
PLOT-016158,3.0248309208890043
PLOT-015653,4.977376634835738
PLOT-017391,3.098646463980192
PLOT-017431,3.350062371051425
PLOT-017935,4.475451395687151
PLOT-018019,5.149666911605787
PLOT-018146,2.9909058367030936
PLOT-016047,2.643318197634832
PLOT-017661,4.162271616079347
PLOT-017547,2.9996191017179696
PLOT-016530,2.917364097957828
PLOT-015930,0.8644686118569858
PLOT-016464,2.1616179841876364
PLOT-016875,1.8325093291656787
PLOT-015220,2.3092314762428883
PLOT-017136,3.8260360349248943
PLOT-015927,2.867979274081272
PLOT-017463,3.6274727529963204
PLOT-016453,3.7331663916152653
PLOT-017540,1.6836718454919062
PLOT-017788,2.855928828915233
PLOT-016945,1.953019732561163
PLOT-017684,5.743007299509684
PLOT-015533,0.9036649867538457
PLOT-017901,3.9816103292591922
PLOT-015606,2.0453631515977326
PLOT-015074,4.78882323390017
PLOT-016764,3.461759281216813
PLOT-015648,2.238660799891315
PLOT-017653,2.4378742298777385
PLOT-016322,2.0170908597108106
PLOT-016576,3.0650023416262724
PLOT-017209,1.4808544479460661
PLOT-015113,2.3768708978636406
PLOT-017963,2.397196729754401
PLOT-015986,2.5040732570419615
PLOT-018126,2.5882474374834143
PLOT-015747,2.515134800659987
PLOT-016863,1.8604569404804958
PLOT-015222,5.513304671891008
PLOT-015518,2.164538750897804
PLOT-016348,2.4752427415422362
PLOT-016502,1.8339784204504084
PLOT-017666,2.497176269671543
PLOT-016665,4.06083225082919
PLOT-016555,2.066606843142402
PLOT-018528,3.309054552027252
PLOT-017725,3.29132093182007
PLOT-015035,1.915912246678984
PLOT-015830,2.764295156387338
PLOT-017175,2.931460641076627
PLOT-017631,2.18601561014802
PLOT-016761,2.3665311914998153
PLOT-015347,1.3657776857948551
PLOT-015167,0.7986760256239958
PLOT-018253,3.6657217401340283
PLOT-015116,2.3405770234878243
PLOT-015530,3.519189894822475
PLOT-016394,1.1972926977955227
PLOT-016028,2.3736212960750063
PLOT-018599,2.8864753076117697
PLOT-017445,2.5265329484177976
PLOT-018529,2.9212247697609572
PLOT-017872,4.002610928464099
PLOT-018550,1.9898906558322969
PLOT-017659,1.2013859581847186
PLOT-017702,2.198048434635732
PLOT-016779,2.5769049160110797
PLOT-016025,2.3008692352283813
PLOT-015081,4.002502104236455
PLOT-017162,3.5886913770296323
PLOT-017030,1.4558374902288589
PLOT-018728,1.2941193805043072
PLOT-018180,3.5586253149797185
PLOT-016476,4.0953196428810665
PLOT-018197,1.583017800715307
PLOT-016477,0.7889851759318294
PLOT-017510,2.986124805848948
PLOT-018582,2.0178410004103426
PLOT-016886,2.2057282519356387
PLOT-018231,2.7369895023501196
PLOT-016629,2.613650389719384
PLOT-017464,4.6378837405277125
PLOT-015040,3.5336327366362275
PLOT-016704,3.582657396630822
PLOT-018308,3.6461534654198005
PLOT-017859,2.2206000969858493
PLOT-015311,2.989287130444309
PLOT-016631,2.3799924343930674
PLOT-017218,2.8422861314601886
PLOT-017067,2.8718352563197813
PLOT-016426,3.187598213550052
PLOT-017002,2.0773739456274103
PLOT-015357,2.620143011263825
PLOT-018473,2.1649978952805093
PLOT-018372,1.9636896767553382
PLOT-016827,1.2896299135325786
PLOT-015128,1.8963651230405485
PLOT-016009,4.2121276593960815
PLOT-016813,0.7560775277097002
PLOT-017244,3.17140304806778
PLOT-015657,1.317898284372918
PLOT-016246,2.820303627213823
PLOT-018472,1.9689729667364577
PLOT-015201,1.8862343094365701
PLOT-018543,4.387763693395875
PLOT-016421,2.2714201652402837
PLOT-018190,3.4835702726282185
PLOT-017757,3.028790812631961
PLOT-018545,2.7753137067741536
PLOT-017964,1.1753201036583223
PLOT-015593,3.496041078115425
PLOT-015970,3.472237264462862
PLOT-015202,2.214737314778648
PLOT-018137,1.4757569572912603
PLOT-016974,2.1075304562775874
PLOT-017480,1.024087628187448
PLOT-018524,1.2865016087646723
PLOT-017382,2.5317587527307417
PLOT-017252,1.7433755689425183
PLOT-016980,1.4296982326838348
PLOT-018427,1.8144171485440548
PLOT-017941,3.9845797063884825
PLOT-016187,2.2919136793376813
PLOT-015351,2.6032702276515964
PLOT-016755,4.5947850769657865
PLOT-016595,2.0000197757033282
PLOT-015042,3.2378207164120854
PLOT-018026,2.9771251382715858
PLOT-016273,4.7698640252433915
PLOT-015574,1.8884823049022474
PLOT-016920,3.556045322075491
PLOT-018224,2.3574986446848456
PLOT-015856,3.4969225741150876
PLOT-017141,3.431307740726089
PLOT-017047,0.9113444538313106
PLOT-016808,0.7916593784315838
PLOT-018125,0.7631132772907492
PLOT-016898,4.306681353080411
PLOT-016846,2.7396004251075237
PLOT-015875,3.66242174053717
PLOT-015103,1.1179294670837014
PLOT-017506,2.9161890200357488
PLOT-015604,1.595047904395098
PLOT-018597,1.241769253650187
PLOT-016233,2.6133961236596948
PLOT-017959,5.668930924436849
PLOT-016433,2.0169979957607542
PLOT-015384,2.565172356221839
PLOT-015893,3.8635641470802646
PLOT-015056,4.012845432031365
PLOT-015711,1.9377689125774453
PLOT-018461,1.9896671880367833
PLOT-015355,3.108351150818726
PLOT-016842,3.136816746631653
PLOT-016018,1.8636588460995798
PLOT-018645,1.5485902945438585
PLOT-015307,5.9214036278229685
PLOT-015813,1.1162878661189617
PLOT-015041,2.0686883559964753
PLOT-018421,3.6310836406782148
PLOT-016405,5.068463298889839
PLOT-016681,4.426458991452651
PLOT-015882,2.537125234552877
PLOT-017220,1.0386241960341547
PLOT-015698,2.3206642202800896
PLOT-017364,2.0532337054198737
PLOT-018233,2.392698057852537
PLOT-017051,4.262436501151918
PLOT-017378,3.283922405015309
PLOT-015215,2.9670696890752506
PLOT-017146,2.719661916627406
PLOT-016370,2.085140337163873
PLOT-016566,0.8826958869968583
PLOT-018702,2.661885861498489
PLOT-017360,1.019878188501808
PLOT-016516,1.0479819494225193
PLOT-016766,3.0501315130639015
PLOT-017452,1.7534792398485175
PLOT-016037,2.23844424236909
PLOT-016510,2.900743024223598
PLOT-015411,3.531239888707891
PLOT-017981,1.1901599210643752
PLOT-016301,1.7057922172602649
PLOT-016296,2.178456068543462
PLOT-018498,2.555188972584521
PLOT-017601,3.1570175017961875
PLOT-018566,3.3861315882199743
PLOT-015758,2.925346785950964
PLOT-017212,2.809423190462162
PLOT-016317,2.0435525229572553
PLOT-015073,5.103985941509026
PLOT-015025,1.6322517441914768
PLOT-017208,3.470943634710011
PLOT-016126,4.369325294443583
PLOT-016139,0.9338848300848529
PLOT-015505,2.080338455017577
PLOT-016560,2.319215480723219
PLOT-017230,3.188716597209948
PLOT-016120,2.5423280761553952
PLOT-018414,1.218456622953752
PLOT-015586,2.1395088189542926
PLOT-017909,3.323265593690461
PLOT-015611,1.6649856212402239
PLOT-016089,2.2361029769395517
PLOT-016535,2.999920364137925
PLOT-016408,3.4686173148350896
PLOT-015348,1.5682841025044847
PLOT-015885,2.7080057804679964
PLOT-018644,2.8694082429144823
PLOT-018087,2.4002228299105233
PLOT-015782,5.446672473434791
PLOT-018246,2.3036390111375713
PLOT-017458,3.9707622671844662
PLOT-015629,2.741440961866155
PLOT-015408,3.520997020251562
PLOT-015164,3.039623015470137
PLOT-017957,2.4548048963283264
PLOT-016969,2.1792721557729835
PLOT-016649,3.441076740462149
PLOT-017380,3.1042649116995173
PLOT-016087,3.0884458256904113
PLOT-018572,1.599644512390218
PLOT-018101,2.4088537897182776
PLOT-017389,3.288504202297864
PLOT-018709,4.120406844077576
PLOT-016754,1.1163461286732461
PLOT-015294,2.052885720152279
PLOT-015965,4.500100001595339
PLOT-016822,3.486721953364936
PLOT-018234,2.0471517469902105
PLOT-015528,5.015782041077425
PLOT-016968,2.3289681304460808
PLOT-015027,2.0388036107303162
PLOT-017478,6.014056759903231
PLOT-016673,4.2779451355108495
PLOT-015274,4.235426670571361
PLOT-016072,3.496028366787282
PLOT-016074,3.510359715116584
PLOT-017356,0.9489381683251927
PLOT-017494,3.0624452551003043
PLOT-017405,3.464945032879391
PLOT-017774,3.4715520086805207
PLOT-015585,2.129349556820059
PLOT-015837,2.9255102155593975
PLOT-015710,5.497502202573618
PLOT-017819,1.8016402644109433
PLOT-016250,2.3514802437421185
PLOT-016437,2.5228525037212512
PLOT-016553,4.219374813188184
PLOT-015816,3.1118871315413728
PLOT-018694,0.9101687263298457
PLOT-017427,6.7624453969618425
PLOT-015957,2.4179742113229343
PLOT-015302,3.945267655170917
PLOT-018289,2.7873390098251587
PLOT-018636,2.8911125042639414
PLOT-016063,3.317213858170992
PLOT-015872,2.3881171558608134
PLOT-018271,2.93523137271952
PLOT-017861,2.286043244911449
PLOT-017936,3.6082086274311123
PLOT-015923,2.386086479441811
PLOT-015059,3.269186498759515
PLOT-018014,4.208323340999583
PLOT-018420,3.4010187587925778
PLOT-016975,2.819340915180413
PLOT-015023,1.958282160477961
PLOT-017474,1.628200575357763
PLOT-015683,2.6908501386998505
PLOT-018512,4.0156345331094565
PLOT-018483,1.886275463454612
PLOT-017056,0.764871294554657
PLOT-015228,3.547487024527363
PLOT-015489,2.392492316757722
PLOT-018201,1.124993993687384
PLOT-015829,2.0731736420749987
PLOT-017784,1.942426211364761
PLOT-015385,5.47047626054851
PLOT-015015,2.106031801139594
PLOT-017399,3.0280199702464157
PLOT-018541,3.4660136661550407
PLOT-016388,2.022028981588196
PLOT-018041,1.173555471775221
PLOT-016588,1.1204483118647068
PLOT-018445,1.7936157086749638
PLOT-016751,1.8979113025535337
PLOT-016150,3.247518056154706
PLOT-016304,4.054145141359706
PLOT-016231,6.034081588326709
PLOT-016792,2.84068623166095
PLOT-016269,3.0616867315623923
PLOT-018474,1.688359765158418
PLOT-015497,3.618079257470606
PLOT-015352,2.5389573466301534
PLOT-016838,1.5401103889342314
PLOT-015001,3.0885895310298035
PLOT-015285,1.6514169749140848
PLOT-016646,2.8559521067287306
PLOT-015783,0.8632989804114095
PLOT-017462,1.1566604278770924
PLOT-018321,4.139557952161095
PLOT-015068,3.0161249319419197
PLOT-015403,3.175895154393845
PLOT-015797,1.4002533978192764
PLOT-018725,3.136630187545913
PLOT-018021,2.592436029532271
PLOT-017023,4.177887450134532
PLOT-015177,1.5060275450810023
PLOT-015953,1.4153558267541284
PLOT-017139,3.076700773897679
PLOT-016200,2.5119288388389336
PLOT-017843,2.3219228705391464
PLOT-017300,2.4284822524317455
PLOT-016756,2.125417961820046
PLOT-016577,3.765671425138414
PLOT-017241,2.772475039090756
PLOT-017852,3.147338877581024
PLOT-016507,2.23287170172999
PLOT-016497,3.409969160555421
PLOT-017688,4.7622589770718715
PLOT-015538,1.073222837664377
PLOT-016330,1.7817538657419083
PLOT-018207,2.3188370027206724
PLOT-018459,5.127001828448668
PLOT-016488,3.62676189823194
PLOT-017018,2.862935786489797
PLOT-016744,2.6062799678082307
PLOT-017920,1.1356781367356452
PLOT-017408,3.0414580727932012
PLOT-018431,1.1730407083249392
PLOT-018563,4.18263361875404
PLOT-018596,6.635587903431764
PLOT-015948,2.0531630128118974
PLOT-015510,2.6699037321557233
PLOT-016393,1.2706240323781928
PLOT-016508,5.21308761464267
PLOT-017398,3.8097630735139356
PLOT-017808,2.7792111090861535
PLOT-016331,1.7639600417428933
PLOT-016309,4.871817371269651
PLOT-018002,1.153501259171486
PLOT-017396,1.4793341398643698
PLOT-017420,1.8450733944724187
PLOT-017544,3.4935330100337834
PLOT-017354,2.5644505968536713
PLOT-017608,2.723336178870657
PLOT-015663,4.725223625171376
PLOT-015573,2.2635631051568788
PLOT-017896,2.1214928476728474
PLOT-017372,3.1872116508465984
PLOT-018265,1.921092873361564
PLOT-018151,2.9437463150673833
PLOT-017485,5.451805873666259
PLOT-017187,2.3872553309726934
PLOT-017584,4.016565429269755
PLOT-017045,3.221641664480936
PLOT-015282,3.75623175767111
PLOT-015258,2.6401396647219437
PLOT-016811,2.213157331353236
PLOT-016797,2.476180103875388
PLOT-017604,3.7285274358201725
PLOT-015725,3.9698712296234064
PLOT-016636,1.9419947939389874
PLOT-015677,1.6969717941241245
PLOT-017489,2.67580994446856
PLOT-016152,3.733967545322797
PLOT-016346,4.771403536181367
PLOT-015055,3.057597244577392
PLOT-017773,2.221199135162662
PLOT-016411,2.8233505310160543
PLOT-017755,1.438895173866553
PLOT-017214,3.2827795090547554
PLOT-018583,2.9497573219475726
PLOT-016361,2.9721703850578365
PLOT-015888,2.2930672718134457
PLOT-018001,4.02091371442856
PLOT-016819,2.8025851874464136
PLOT-016972,0.97437264521634
PLOT-015714,3.1256703699148387
PLOT-018405,1.929162691361875
PLOT-016056,3.974546282994911
PLOT-017286,2.461113385654697
PLOT-017207,0.7731157815570296
PLOT-015617,0.8011452953436862
PLOT-015123,2.920883162218418
PLOT-018205,3.1865162102103173
PLOT-015334,2.996077999063797
PLOT-017816,4.15732005929499
PLOT-015304,5.098105046650261
PLOT-015980,2.63487885896612
PLOT-018329,2.1488788070678404
PLOT-015581,3.38065005263484
PLOT-016616,4.08883588434304
PLOT-016194,1.403706182157237
PLOT-016824,1.2198686877527656
PLOT-016879,2.3286110108860636
PLOT-016981,3.618169657037252
PLOT-016861,1.9270208360513736
PLOT-016350,0.9719325328427476
PLOT-015409,3.0453622025861997
PLOT-015675,1.1488530712746405
PLOT-015297,2.486279538630042
PLOT-015925,0.3788458457477202
PLOT-015022,2.7066995840627004
PLOT-018000,5.569533533897251
PLOT-017479,3.703728287400734
PLOT-015728,5.15182834219749
PLOT-016307,2.8392344345332385
PLOT-015671,2.1694095429896527
PLOT-016672,2.9259018248082183
PLOT-016199,1.9486125139792492
PLOT-018717,4.279176463486209
PLOT-018652,3.407692190203589
PLOT-015293,4.545925760757492
PLOT-018730,0.9424466692560504
PLOT-015126,2.974362879039134
PLOT-017247,3.843807224831291
PLOT-017578,0.865577035666216
PLOT-017467,2.4543550680007318
PLOT-015692,3.038359722214959
PLOT-015686,2.8045319787926792
PLOT-015817,3.645327696278022
PLOT-015216,2.985685173701341
PLOT-015152,5.248707241277674
PLOT-017999,3.303247099096619
PLOT-016992,3.1257979533501925
PLOT-017605,3.472794588090441
PLOT-017008,2.3750133796746353
PLOT-015478,4.329888518370387
PLOT-016282,2.7440742947225
PLOT-016604,4.306817501998537
PLOT-017518,1.586794599330855
PLOT-016666,2.2003105856905076
PLOT-017962,4.624044029427226
PLOT-015812,2.6113323402257427
PLOT-015250,2.2798897501910793
PLOT-015843,2.761807859190753
PLOT-017125,2.0558795479278635
PLOT-017857,2.244217745256202
PLOT-018640,3.1239064734644444
PLOT-015967,1.552219010040812
PLOT-017885,3.216459417805306
PLOT-015972,3.016179285882912
PLOT-016896,1.9076581490952598
PLOT-017235,0.8339472255986351
PLOT-015246,2.619430352795793
PLOT-017203,1.8937488702946546
PLOT-018641,1.982171820567813
PLOT-018307,2.151564194156545
PLOT-018379,2.948277931792697
PLOT-017331,4.084458126279037
PLOT-018744,0.5230868423009434
PLOT-017585,4.471342056976579
PLOT-018272,2.4156289920272966
PLOT-016505,2.180059768658929
PLOT-016345,4.054432980879158
PLOT-018091,0.9318701537107057
PLOT-015975,2.8913622323767
PLOT-017686,1.8277040058043545
PLOT-016645,3.1760321342891626
PLOT-016679,2.29332921393342
PLOT-017697,2.718568923059933
PLOT-015122,1.9046603623358829
PLOT-016534,4.7461338234323645
PLOT-018044,0.5342026975450298
PLOT-018169,2.8075248983973875
PLOT-017967,4.7395059093051035
PLOT-017100,3.7618904113183453
PLOT-015869,3.4949185211008587
PLOT-018646,2.0448856361070757
PLOT-016030,5.301569870159341
PLOT-015756,3.757369658026684
PLOT-016998,2.838838368053791
PLOT-016156,1.429636849720036
PLOT-017115,3.3640351307371685
PLOT-017817,3.0921243332415673
PLOT-015332,2.9281613846667343
PLOT-016592,2.2420643276099503
PLOT-017384,3.255751677000492
PLOT-016575,2.747139928654471
PLOT-017683,2.649487929972457
PLOT-015472,1.9124929465035696
PLOT-015901,2.8024463325967135
PLOT-015865,2.2210379928494763
PLOT-016329,4.973377270000947
PLOT-016342,3.6807439379837614
PLOT-015741,2.4449661911450344
PLOT-018478,1.8346318877894285
PLOT-018291,3.1831187010113786
PLOT-017180,2.247708510001144
PLOT-018484,4.306896925186971
PLOT-017562,1.9008083136120748
PLOT-016628,3.0794128231065545
PLOT-017806,2.8538821575790707
PLOT-017438,4.753615061427061
PLOT-016149,2.6400634984804987
PLOT-018045,1.999792686568737
PLOT-018164,3.0167490098966776
PLOT-015256,4.116263068374165
PLOT-015633,3.1945488128367576
PLOT-017337,2.2216753811971834
PLOT-018009,2.0311793085817915
PLOT-015777,3.6471152899186836
PLOT-017953,0.9062311133457077
PLOT-017101,1.6897919956742775
PLOT-015557,1.1311686524311975
PLOT-018481,3.638846168626288
PLOT-016985,2.3124152469626917
PLOT-017088,3.90735699320799
PLOT-015261,3.062139628121535
PLOT-017131,2.5305638580029326
PLOT-018011,3.7940725903268513
PLOT-018040,2.9304165271387994
PLOT-016889,3.120490588637704
PLOT-017532,4.125325378523684
PLOT-017078,2.0800403554952864
PLOT-018034,4.254976320600099
PLOT-018436,1.282377954842919
PLOT-015208,2.9492273519702668
PLOT-018349,1.4217969837260211
PLOT-016913,2.883598646134545
PLOT-016606,2.697718703790289
PLOT-016020,1.101211384859037
PLOT-018348,3.721718195246419
PLOT-016403,3.5572862437462542
PLOT-017555,5.989739026118931
PLOT-017096,1.3799191556495438
PLOT-015209,1.1111064063402016
PLOT-015153,1.7952056456271188
PLOT-017881,2.8853181093896545
PLOT-016590,3.1478158915042664
PLOT-017442,3.4887873362236337
PLOT-016147,3.8853278430140987
PLOT-016967,2.647963405272665
PLOT-017316,1.1089847641433297
PLOT-017433,1.9190615800702084
PLOT-016633,1.9635231338204975
PLOT-017089,3.1355135392693243
PLOT-015597,3.2672447018956725
PLOT-016931,4.124486219496463
PLOT-016656,3.5170771489992627
PLOT-015680,2.8036373965472294
PLOT-016565,2.4819607116049496
PLOT-018275,2.915099082874265
PLOT-016328,3.0309195934663427
PLOT-017087,2.7140646846493737
PLOT-017753,2.645675104171444
PLOT-016518,2.8278419118045535
PLOT-017287,1.7876678494030693
PLOT-018713,3.993241035075624
PLOT-015221,3.8714456220780593
PLOT-015225,1.3965786032546759
PLOT-018577,3.606683255451227
PLOT-018166,5.217706746544166
PLOT-017517,3.210711884870543
PLOT-017642,2.1480419216041398
PLOT-017393,3.2160340633682227
PLOT-016760,3.3171555496866114
PLOT-016360,2.127761784957565
PLOT-017324,2.189474541049032
PLOT-018155,5.043546555754773
PLOT-017802,2.861740742569422
PLOT-016492,5.191944306806171
PLOT-017744,1.699749747609358
PLOT-017763,0.7724195512004969
PLOT-017009,4.267741723910869
PLOT-015205,3.308722748401165
PLOT-016027,1.7604303326581077
PLOT-018540,3.207526703175328
PLOT-017596,1.5030000624993398
PLOT-016046,2.6875012741016073
PLOT-015693,3.9818368382252567
PLOT-017956,3.467602519340123
PLOT-018549,1.5761077836691815
PLOT-016186,3.6796308696653464
PLOT-016369,2.7348929679178604
PLOT-016907,2.4088060889361844
PLOT-017726,0.9258956754505608
PLOT-015016,1.6141364992340288
PLOT-017514,1.4373946834235076
PLOT-017205,2.473810684120074
PLOT-018729,2.3656636982550663
PLOT-016676,0.9985619718521237
PLOT-016184,4.5476943197983415
PLOT-017353,2.024054525556378
PLOT-015656,2.8812451713702103
PLOT-016571,2.598745493463527
PLOT-016737,3.8673769365760906
PLOT-016419,2.2332236789726894
PLOT-015399,2.713407222562598
PLOT-015618,3.1807279721883788
PLOT-015508,0.7069247865085028
PLOT-018106,4.5996300305310385
PLOT-018437,3.313832967418144
PLOT-017960,3.5883985927322115
PLOT-015867,5.233022451255492
PLOT-017507,2.3794651269902807
PLOT-015886,2.6281378896395666
PLOT-017110,3.015542143766037
PLOT-015599,6.08815448300323
PLOT-017658,3.7906743068454496
PLOT-015457,1.5011725816875792
PLOT-017618,1.5763602748247
PLOT-016117,2.597812153424231
PLOT-015870,3.9371928584690834
PLOT-015790,2.5214586945257187
PLOT-017260,2.4725149111251
PLOT-015954,1.7543292639646764
PLOT-015650,4.659316614686532
PLOT-015733,2.2804019263264403
PLOT-018533,3.480618547140992
PLOT-015379,1.9184425697629324
PLOT-017612,2.689131993614274
PLOT-018030,2.8177851141375156
PLOT-015956,3.442704676574129
PLOT-015171,2.6473214611879006
PLOT-016944,2.8741613014930727
PLOT-017279,2.3068548139056375
PLOT-015659,3.0624197162872653
PLOT-017430,3.2449916464014197
PLOT-017528,0.665308535500965
PLOT-017120,2.0401134616372754
PLOT-016094,1.7391130209757573
PLOT-018068,3.171224540127444
PLOT-018707,2.122884973704566
PLOT-017219,2.7580610059869057
PLOT-015642,2.1633265259490484
PLOT-015168,2.36594469224396
PLOT-016517,3.173997850559954
PLOT-016800,3.1942895843894346
PLOT-017682,2.861204476422299
PLOT-016917,2.4689945871613848
PLOT-015272,4.810676778357098
PLOT-016215,3.7313535537719167
PLOT-017468,2.353066035466578
PLOT-016118,2.7269810199651263
PLOT-018098,5.648736691599577
PLOT-018350,2.049141936443015
PLOT-016066,3.6919366745693907
PLOT-017104,3.1737246307308524
PLOT-017792,3.7304007211122756
PLOT-017877,1.734493241514184
PLOT-016912,2.57360541207633
PLOT-015038,3.30788509347661
PLOT-015306,3.708913347124363
PLOT-015006,2.009291144663073
PLOT-017456,3.525528328883714
PLOT-015781,3.2469397533523283
PLOT-016190,1.4018789735361197
PLOT-015534,2.298861509441403
PLOT-015583,3.690586095202979
PLOT-017980,2.3014385414719025
PLOT-018671,2.4354208758746068
PLOT-018168,4.5812484467184
PLOT-018440,5.370530142713431
PLOT-017750,3.3132239972017934
PLOT-015316,4.180648041978916
PLOT-017197,3.5604790463800113
PLOT-017414,1.3474112438914345
PLOT-017564,3.945351101294011
PLOT-016794,2.3155391707650046
PLOT-017581,3.1900107380147307
PLOT-017708,3.8707030537299056
PLOT-015271,2.541671758851321
PLOT-015548,2.5461658442022457
PLOT-016692,5.0454984732721755
PLOT-016719,2.8182664787842784
PLOT-018451,2.0583784649791323
PLOT-018464,1.8880490265270358
PLOT-017390,5.006903760466967
PLOT-015598,2.3369893765662946
PLOT-016689,3.0469661110572295
PLOT-015894,3.3346157403076706
PLOT-018733,2.1976265692623973
PLOT-016775,5.562422283079264
PLOT-015570,1.8373529452778037
PLOT-016999,1.030006877873203
PLOT-017122,0.845821378410527
PLOT-015061,2.3573053787703055
PLOT-016247,2.3308340018144693
PLOT-018748,5.61381252625755
PLOT-016259,2.833631401626869
PLOT-015809,1.9440703751885406
PLOT-017292,3.3094291635955835
PLOT-016049,0.9439216949514082
PLOT-018454,2.781687468526804
PLOT-015107,3.3547482616291875
PLOT-017153,4.103412570158957
PLOT-015673,2.1228824479340633
PLOT-017690,1.5479719660545577
PLOT-017995,3.623093798708159
PLOT-015665,3.714471281349877
PLOT-015509,3.0578979079521806
PLOT-017179,2.8019758687916605
PLOT-016640,1.4859566560807889
PLOT-017492,2.3976062157931417
PLOT-018303,2.8982682060540563
PLOT-016532,3.378417249259282
PLOT-015866,3.2492559533192087
PLOT-016855,5.5437910582390275
PLOT-016736,1.016829160556703
PLOT-016060,3.4975909653875807
PLOT-018536,4.39843211874172
PLOT-017105,3.111398639617487
PLOT-018419,0.895188313988752
PLOT-016973,1.0815776290975339
PLOT-015589,1.8339103771107261
PLOT-017996,6.062761403436307
PLOT-018263,3.0186674954839297
PLOT-015086,4.968841692692454
PLOT-018615,0.8285936610820422
PLOT-015771,2.964720834055812
PLOT-017954,4.4262370480752935
PLOT-016249,3.03330750152532
PLOT-015708,5.630172026444292
PLOT-017472,3.8121574259861557
PLOT-017985,2.0695297954414844
PLOT-018316,1.3830719630333546
PLOT-017586,1.9244612242466064
PLOT-016860,1.9809690597762148
PLOT-018181,3.693232423404966
PLOT-017128,2.696194588546338
PLOT-018305,1.9734263532892415
PLOT-018177,1.930531472796359
PLOT-015418,2.3332551134994897
PLOT-016461,2.5555727476325685
PLOT-016484,1.893549413009164
PLOT-018609,5.346654734459266
PLOT-018465,2.974697959899449
PLOT-018600,3.196392665639623
PLOT-015851,3.635353561774074
PLOT-016004,3.720984966399557
PLOT-016996,2.7318946959399817
PLOT-016834,3.487235144416239
PLOT-017947,2.6121749840441004
PLOT-015436,1.8827584438036804
PLOT-016316,4.249188883778523
PLOT-016623,2.820197505898963
PLOT-016480,4.155620673917023
PLOT-016648,2.117026476882521
PLOT-016003,2.816080482906259
PLOT-016278,2.016602161829845
PLOT-016823,2.9098593529386028
PLOT-018029,3.512595068128372
PLOT-018602,1.4640500068370679
PLOT-016836,1.7193488743012046
PLOT-018554,3.9968070681091104
PLOT-017352,2.3157788855136197
PLOT-017282,1.8468308813477001
PLOT-016546,2.5162563322952125
PLOT-015335,3.0924289378157295
PLOT-017617,4.033044372641183
PLOT-015088,2.0986969541323934
PLOT-015874,2.0647351960256555
PLOT-018285,6.46374222214323
PLOT-015543,2.684272137672498
PLOT-016241,2.3052455762718838
PLOT-017760,4.585324129165259
PLOT-016880,4.835038338097302
PLOT-018611,5.625177811099328
PLOT-018111,2.8627041893137966
PLOT-017269,2.4146350777607015
PLOT-015319,2.9327618011190735
PLOT-015519,0.7768992326108806
PLOT-017903,1.6999798832369706
PLOT-015878,2.028000304646384
PLOT-018561,2.8734354251663183
PLOT-015825,2.498224685468052
PLOT-016290,1.087671063407624
PLOT-018210,3.038779549738086
PLOT-018333,1.1318166681920467
PLOT-015138,3.1906975963487167
PLOT-015163,5.013435327168397
PLOT-016618,2.073319634253221
PLOT-018539,5.976449945392793
PLOT-016791,1.8655973298340394
PLOT-016045,1.7440363147603128
PLOT-015960,2.2662513531078954
PLOT-016750,3.6142312153473637
PLOT-018212,1.9393658669370324
PLOT-017830,2.5999895056116755
PLOT-016504,4.29416884096306
PLOT-017889,2.255143763626008
PLOT-018692,2.2005030540652997
PLOT-016059,1.6724514906180528
PLOT-017681,4.228437711865054
PLOT-018409,0.9724841896860804
PLOT-015655,1.8751278642186322
PLOT-017064,0.8265571619844242
PLOT-018603,4.234752729222824
PLOT-015137,0.8364219276793746
PLOT-017946,1.390388366259235
PLOT-016976,1.0024642587636983
PLOT-016581,2.1645005496917764
PLOT-015697,3.588100181518739
PLOT-016097,3.3517404299567057
PLOT-017836,2.295417789829259
PLOT-018268,0.9098807637969039
PLOT-017453,3.3353551234847196
PLOT-017496,3.3756573141244446
PLOT-016392,2.5536528253292823
PLOT-018655,3.471090366847137
PLOT-016266,1.597137129747791
PLOT-017375,1.919581833894938
PLOT-017365,2.0383061877045447
PLOT-015135,1.8710854791677733
PLOT-016169,1.5035034473289908
PLOT-017574,2.432568851398169
PLOT-017135,3.0807447315618957
PLOT-016503,1.9750900533128462
PLOT-016362,2.5670658474363184
PLOT-017998,2.315768097410838
PLOT-015148,4.302371288735658
PLOT-015303,2.5090854027363036
PLOT-016017,0.7788894774559819
PLOT-016924,1.2143692533098913
PLOT-016052,4.2572981032632065
PLOT-018423,2.0607613653543457
PLOT-017413,3.6106884418447636
PLOT-017637,2.9414059698067705
PLOT-018262,1.9712622639633492
PLOT-016904,3.199836418086829
PLOT-018254,2.6841999854011407
PLOT-015198,3.4398953550519855
PLOT-016768,3.3463458227344516
PLOT-017240,2.355618928139014
PLOT-015404,2.363942889278459
PLOT-018328,2.7442787056164204
PLOT-018743,2.788462745322188
PLOT-015483,2.538762596627602
PLOT-016182,1.9245185086868322
PLOT-016339,3.599399530161383
PLOT-016280,3.086804538583576
PLOT-016031,3.08482323524502
PLOT-015791,3.973904834407612
PLOT-015799,5.044058293359508
PLOT-017432,2.498347432433475
PLOT-017798,2.029963541517758
PLOT-016201,4.6996401838653385
PLOT-015422,4.471762851246266
PLOT-017362,1.2393452826349898
PLOT-018716,5.593191521886147
PLOT-016883,3.305619413284288
PLOT-018684,0.4357869541907796
PLOT-016479,4.103899546700869
PLOT-017591,2.205988746434194
PLOT-016928,0.8694264770238743
PLOT-017710,2.4381899368248505
PLOT-018147,2.7282347144517285
PLOT-016529,4.2008517851198715
PLOT-015902,2.5277144275507535
PLOT-017809,3.116749867331863
PLOT-015685,5.338083769008602
PLOT-016551,4.274573521966576
PLOT-018438,0.8639686767167081
PLOT-015159,1.152856082902565
PLOT-015999,1.8164780076300644
PLOT-018056,2.7548276658375768
PLOT-018535,3.15261747369838
PLOT-017250,6.379557265717499
PLOT-017689,1.6850799669945342
PLOT-015112,0.9085614155492377
PLOT-018567,2.7749952835326144
PLOT-016446,1.9990825373984966
PLOT-016952,2.9302093136392537
PLOT-015922,3.37331100767016
PLOT-016624,5.958760197408885
PLOT-018228,1.019583147678434
PLOT-017853,2.783398220399686
PLOT-016319,1.8028966344707464
PLOT-016663,3.078036840301508
PLOT-015815,2.96639320112694
PLOT-018095,1.3508206884005378
PLOT-017266,2.3182032286426333
PLOT-016473,2.805084975827072
PLOT-016773,2.3168024243777903
PLOT-015679,1.9672455055530949
PLOT-018199,1.7061211141022858
PLOT-016093,3.0671595599832795
PLOT-015080,0.7122811760098772
PLOT-016950,1.3304807025505094
PLOT-018519,1.3173554614079255
PLOT-018075,1.1833548596538195
PLOT-018280,4.090196099652111
PLOT-017800,1.5375644202666372
PLOT-016239,4.2433216926997295
PLOT-015329,2.6634878698204085
PLOT-015242,2.75821477445654
PLOT-018073,3.435865083410335
PLOT-015641,1.0460800511425783
PLOT-015696,4.389118461813767
PLOT-017257,0.7632668556790964
PLOT-017818,3.0830157055953746
PLOT-015753,2.9255353863743925
PLOT-015435,2.022677113652503
PLOT-016563,2.669864124992432
PLOT-016934,1.304991563720221
PLOT-018457,3.401640290962962
PLOT-016712,3.137146254769954
PLOT-015551,1.306024165585721
PLOT-018127,2.6345755076912947
PLOT-018255,4.964508283285987
PLOT-015601,2.2991816242121854
PLOT-016964,1.5486040288365666
PLOT-016013,1.453781333377924
PLOT-018204,4.071066793597669
PLOT-016427,1.9589491099222558
PLOT-017012,2.289535586191269
PLOT-016386,3.840940454433287
PLOT-016295,4.08596439462471
PLOT-015466,4.051309805437703
PLOT-016499,4.2228128284793
PLOT-018218,1.2798831310944643
PLOT-018670,4.267295641766234
PLOT-015277,2.859417141465202
PLOT-016069,2.3580764529142195
PLOT-016548,1.3147061447331325
PLOT-016024,1.770817060273196
PLOT-016465,3.731942065106407
PLOT-017770,1.5230911203733652
PLOT-015940,2.578124660514898
PLOT-017834,4.673529806273421
PLOT-018297,1.0088565556318714
PLOT-016466,2.80808503994888
PLOT-016323,2.496753453007257
PLOT-017675,2.1901327421161576
PLOT-016399,5.481792797518996
PLOT-018099,3.7070092831327908
PLOT-016449,1.7400653190633328
PLOT-015906,3.6223722396960913
PLOT-018352,2.411081574956051
PLOT-017611,3.003887675080327
PLOT-016895,4.286248938059088
PLOT-015388,3.049883018081111
PLOT-017070,3.7980711284169715
PLOT-017943,3.0815448429610472
PLOT-017172,3.12924407305809
PLOT-017968,3.8564572774518364
PLOT-017821,3.5894891128100532
PLOT-015880,2.114588319433109
PLOT-018425,1.0203704709823613
PLOT-015050,3.767105591251612
PLOT-016887,1.150974364483324
PLOT-016702,1.6438869683391182
PLOT-018359,3.821278429728002
PLOT-015133,1.889484648748075
PLOT-016105,3.2596044639164505
PLOT-015703,2.57062081999296
PLOT-015482,5.28692507073592
PLOT-016145,3.6929229104506125
PLOT-017038,5.632634573853639
PLOT-018673,1.6234126026259155
PLOT-015066,2.903884719900022
PLOT-018479,1.6336305562656561
PLOT-017781,3.136639143859402
PLOT-017313,1.7888557578250723
PLOT-017849,1.681859494020068
PLOT-018351,5.13804272331752
PLOT-015907,3.1109186239205044
PLOT-015031,3.5781535197521626
PLOT-017465,2.0378588272797358
PLOT-017929,3.476313962139064
PLOT-017680,6.595602545217573
PLOT-018551,2.6262316343449035
PLOT-015010,1.791007455564665
PLOT-015064,1.254795769518746
PLOT-015776,3.5720127877375125
PLOT-015077,3.654859280721025
PLOT-015491,2.5954493924670454
PLOT-018145,1.0435723139832482
PLOT-018273,3.739757600997409
PLOT-017580,5.732699757311371
PLOT-017113,3.5852555737036162
PLOT-018453,0.7329560987503829
PLOT-017344,4.053410468054638
PLOT-015591,1.4555865627442117
PLOT-017815,1.3541035695584063
PLOT-016285,0.9305946949460294
PLOT-018269,4.080467561764082
PLOT-015724,3.175331299231061
PLOT-017674,3.667124674346848
PLOT-018142,4.21361320479566
PLOT-018708,1.0191503287886583
PLOT-016212,2.4136008098715416
PLOT-018643,2.710549390637189
PLOT-017299,2.9918724323423405
PLOT-018223,1.9375731613102827
PLOT-016637,2.3840046729042483
PLOT-018581,3.6855080292149696
PLOT-018574,4.821683250548251
PLOT-018665,4.7973475910913725
PLOT-015982,2.1474722335876866
PLOT-015706,2.2280895793066002
PLOT-017535,3.1706708232708394
PLOT-016687,0.6715050375784043
PLOT-018388,4.478747196931398
PLOT-015273,1.635568548479046
PLOT-016709,2.687584271999676
PLOT-018249,3.274688636301942
PLOT-018429,5.762106603737226
PLOT-015963,2.206269477024502
PLOT-017925,2.1135869948166177
PLOT-018136,2.6582297308878973
PLOT-018573,0.7896502282605047
PLOT-018706,1.2255296625413323
PLOT-017459,2.6668818004529227
PLOT-018327,2.8608448983948196
PLOT-018192,3.8125686084209724
PLOT-016452,2.897881213062063
PLOT-017715,0.6144017668327914
PLOT-015149,3.0065717654745843
PLOT-017692,2.0322314853647843
PLOT-017767,2.461088438761107
PLOT-016757,4.001859146408522
PLOT-015218,3.1118000901201643
PLOT-015239,2.246416610227458
PLOT-016131,2.8966162192945513
PLOT-018390,3.695494750290111
PLOT-017840,3.9270955990881635
PLOT-017239,4.055854062121737
PLOT-017381,2.096734624423624
PLOT-016253,3.102567541614393
PLOT-016053,3.114698926088229
PLOT-018010,2.965961183257238
PLOT-016668,3.0128302535159546
PLOT-018178,2.6534020401254272
PLOT-018712,2.0933325791582273
PLOT-016357,2.1124386183838557
PLOT-015775,3.265008910673093
PLOT-017630,2.087806445532303
PLOT-017832,2.8823157412397205
PLOT-018274,2.2619439524559484
PLOT-015839,3.4176032248006147
PLOT-015627,1.6909084196495947
PLOT-015323,1.667665765527764
PLOT-018402,1.89707030966013
PLOT-018675,1.202110230784273
PLOT-016867,3.189008768302428
PLOT-016160,2.9051696848998545
PLOT-017826,1.7416101427628128
PLOT-016076,1.9796116589040014
PLOT-017987,0.8960652572752462
PLOT-015437,3.2988346983866865
PLOT-015119,4.11185872341506
PLOT-018306,2.993643525336424
PLOT-018089,2.3870170080681428
PLOT-018314,2.966239235423881
PLOT-016814,3.4430189685087345
PLOT-016839,3.5624188032277537
PLOT-016026,2.9391987473681516
PLOT-015076,2.458375113205905
PLOT-015900,1.40364741271936
PLOT-015371,3.387370725008087
PLOT-016204,3.6207633534877073
PLOT-018186,3.115036877356257
PLOT-018736,5.346074030115505
PLOT-015941,3.695065202255985
PLOT-017625,3.3405068946170253
PLOT-017867,1.5517591727180942
PLOT-015552,1.9579063657127551
PLOT-015406,3.425768632942335
PLOT-017117,2.489440468753729
PLOT-016613,2.3165491345427944
PLOT-017934,0.9504801523289788
PLOT-015968,2.0334440160882425
PLOT-017833,4.014122152099876
PLOT-018293,1.615271064399226
PLOT-018367,3.695150537242044
PLOT-017349,2.2732952436510443
PLOT-016746,3.178983348715356
PLOT-015689,2.2478229756952812
PLOT-017860,2.699594553406987
PLOT-016738,2.363654392214242
PLOT-015236,4.130918297194614
PLOT-018592,6.839181774275727
PLOT-016986,2.6000666956592378
PLOT-016983,2.9992952010728744
PLOT-017842,2.9690543702323433
PLOT-015499,1.4555597244633407
PLOT-015822,0.7574813699281723
PLOT-015794,3.3018618864906424
PLOT-018278,2.6381054058665234
PLOT-015990,2.0870180297072802
PLOT-015567,3.2525476648136515
PLOT-017982,2.7645075399357073
PLOT-017435,2.5371108806184406
PLOT-015390,2.8318523423167044
PLOT-015743,3.9808318214360208
PLOT-017400,1.9452751596377766
PLOT-016217,4.434017120472176
PLOT-015235,2.9707206762685368
PLOT-018467,4.782317176870964
PLOT-015480,3.2921968429194512
PLOT-017042,1.113418247716902
PLOT-017615,1.9559489943432482
PLOT-016677,1.3075069566584436
PLOT-018442,1.4119243725504662
PLOT-018626,2.323002799387274
PLOT-018241,0.9912803947247132
PLOT-018318,2.7530756497836313
PLOT-015120,1.7951846370753
PLOT-018487,3.714214296106709
PLOT-018072,2.8338446835942186
PLOT-016272,3.1502067177263413
PLOT-015926,6.5062779569245865
PLOT-017563,3.576708020344229
PLOT-016594,2.1571012051862586
PLOT-015223,3.563651399098241
PLOT-015766,5.793325369038768
PLOT-015613,1.0695585022269616
PLOT-017891,3.8793230597150425
PLOT-016245,3.641899320093387
PLOT-016540,1.2405367989230447
PLOT-015052,0.7538802138471065
PLOT-015529,3.7379005767367843
PLOT-017533,3.120280722732127
PLOT-016899,2.8247331738608596
PLOT-018677,2.660439907278651
PLOT-015818,2.071671889185974
PLOT-015155,3.175589767285952
PLOT-017648,1.609610139910636
PLOT-018612,3.0352193379914016
PLOT-015248,3.4803808114727484
PLOT-015761,1.2789602933115982
PLOT-016894,4.364212767752616
PLOT-017029,3.1950655272488664
PLOT-018589,3.555317057291035
PLOT-016130,1.7799749877863003
PLOT-015542,2.804061113014661
PLOT-015793,3.392861999400803
PLOT-016725,2.326453309735515
PLOT-018200,3.1305390620587485
PLOT-015628,2.0803188223513427
PLOT-017198,5.113876659806652
PLOT-018401,5.035510474255727
PLOT-017339,3.431800689443393
PLOT-017429,3.027736056675062
PLOT-018579,2.0344368572638802
PLOT-017734,4.5603839289203245
PLOT-016367,4.347735952885576
PLOT-016620,3.071499755401804
PLOT-017945,3.093027644563688
PLOT-018500,2.456933669128178
PLOT-017902,5.1522300714804645
PLOT-016071,4.882213554307761
PLOT-015554,3.47935916105442
PLOT-016828,3.396442034375321
PLOT-015826,3.6573208156048707
PLOT-016984,2.6842945888690704
PLOT-018450,1.851041241158695
PLOT-016837,4.161206338432738
PLOT-017939,6.829225782267981
PLOT-015535,4.435546096108021
PLOT-018361,1.2033998515401905
PLOT-017663,5.33437434078154
PLOT-015154,3.581258594638814
PLOT-018238,3.4721365938138167
PLOT-018149,2.5423168563221616
PLOT-017952,3.804511158202594
PLOT-018538,3.1931091216401417
PLOT-015322,4.784208667524198
PLOT-016710,2.787957914576247
PLOT-015014,3.195050892780252
PLOT-016798,1.86200757974358
PLOT-018542,2.7784470382158317
PLOT-015082,3.7828630508153274
PLOT-017560,1.929558784167654
PLOT-016943,1.766524136444771
PLOT-016988,1.5825849824401257
PLOT-017672,4.384865863356235
PLOT-016383,3.6898466963334795
PLOT-016574,4.441779352319038
PLOT-017977,3.0264023394606125
PLOT-018392,2.420886594040566
PLOT-017058,2.6199382846448165
PLOT-018617,2.0610991126197855
PLOT-016494,2.022855377614764
PLOT-015831,4.021795944222065
PLOT-017080,2.0427245940814913
PLOT-016174,5.032392586295329
PLOT-015413,3.24042082688324
PLOT-017628,5.991198852314604
PLOT-016817,3.2387467779990424
PLOT-015165,2.620422494895757
PLOT-018236,1.6326274418636333
PLOT-018667,4.8318683152711825
PLOT-015614,3.7082796309170885
PLOT-018093,2.484151696047274
PLOT-016014,3.126115872881206
PLOT-017137,3.0062327850913446
PLOT-018462,2.752984405541751
PLOT-018452,0.7445722763335116
PLOT-017649,2.3260522930384795
PLOT-016237,1.047328863172762
PLOT-017181,1.8603636344994114
PLOT-015555,2.754982318394144
PLOT-018079,1.3364353497558261
PLOT-018320,4.067141531119232
PLOT-017368,2.6490744629695384
PLOT-018530,0.5797394793347436
PLOT-016211,3.0502294398259617
PLOT-018499,0.7270080770118287
PLOT-015634,4.614309152200922
PLOT-017600,2.641483080433146
PLOT-016055,3.6424560617975126
PLOT-017340,3.915000665402789
PLOT-016708,2.457502853222132
PLOT-015796,2.3486569576089416
PLOT-017990,5.08418091780249
PLOT-018471,1.7328996827798444
PLOT-015174,1.0729966968352826
PLOT-017814,1.9960913394657314
PLOT-015245,2.764518516746295
PLOT-016080,3.273097112983721
PLOT-016654,4.070967286190375
PLOT-018711,3.125651678692126
PLOT-015144,3.79152868023362
PLOT-015145,5.082745345263443
PLOT-015090,1.5840045516799657
PLOT-015682,1.004803173963442
PLOT-015310,1.524980939741422
PLOT-015093,1.0590694521059365
PLOT-018322,2.070518445082819
PLOT-016956,2.7020113516633644
PLOT-015924,6.019774363913827
PLOT-018448,4.000472830587677
PLOT-016909,1.6308197612991022
PLOT-016035,7.518818831118817
PLOT-016400,1.609666165761746
PLOT-017291,3.44232445430039
PLOT-016500,2.653545214049433
PLOT-018159,2.3714719939419107
PLOT-017262,3.233443366060608
PLOT-016468,1.0473918556897035
PLOT-015998,1.9383006538832168
PLOT-015853,3.470113638484902
PLOT-017473,0.8884929839587886
PLOT-017204,6.0416080491053235
PLOT-016142,2.1510854675236755
PLOT-016143,2.921103979558623
PLOT-017274,0.47570413582210186
PLOT-017944,3.4960409943972732
PLOT-017048,3.236600411470812
PLOT-015401,2.5300714362811214
PLOT-016103,3.1747915878138664
PLOT-015084,5.450485304423218
PLOT-017210,2.5707216249039
PLOT-018620,1.1151172347976848
PLOT-015114,2.3870646329737917
PLOT-017718,2.6978093714341447
PLOT-018222,1.88567345334742
PLOT-018276,5.567677744871914
PLOT-016585,3.3385503270870425
PLOT-016567,2.2775557844887944
PLOT-017937,2.8880154185442333
PLOT-016501,2.2767198588147575
PLOT-016660,3.568089415546276
PLOT-016556,2.7164252811657095
PLOT-017007,1.3011226877104585
PLOT-015625,3.465458413946736
PLOT-016885,1.1318411304191174
PLOT-018722,4.412790155321449
PLOT-016866,3.856739926917838
PLOT-015952,3.5031543870404964
PLOT-017855,3.8346694642282904
PLOT-017306,0.9091078792161886
PLOT-015624,1.617213972811246
PLOT-017874,2.6517807136014544
PLOT-015234,3.9717281338123325
PLOT-017183,2.5539631351806644
PLOT-017664,3.8583242213465847
PLOT-018267,2.440575771554789
PLOT-017884,3.025482604181793
PLOT-017890,1.7738416082561688
PLOT-017034,1.3833208287315912
PLOT-018007,2.95991815580797
PLOT-016826,4.339096423931324
PLOT-018571,1.946328017231386
PLOT-017640,2.963177425031
PLOT-016314,0.9697709419719494
PLOT-016525,4.1865711561529055
PLOT-016562,2.4947414416677502
PLOT-016752,2.2568874304799933
PLOT-016605,5.150749263066023
PLOT-015343,1.9555459507727804
PLOT-018726,1.969601228979371
PLOT-017341,2.094837507348498
PLOT-017412,4.0470750825428485
PLOT-017226,1.7449058061267049
PLOT-017707,4.128382501937255
PLOT-015996,3.3250225272818246
PLOT-017062,2.407307911749271
PLOT-016110,1.7366975386177421
PLOT-017213,1.8764662708498308
PLOT-018203,0.8666779246350169
PLOT-016359,3.435762569478027
PLOT-017107,1.754345068416994
PLOT-015709,4.094172758094291
PLOT-016878,1.181363783512532
PLOT-017724,4.547622528668967
PLOT-016378,3.28902609055955
PLOT-017828,2.870445225299476
PLOT-015424,2.899191324086503
PLOT-015292,4.02888538862742
PLOT-016065,5.436683026284835
PLOT-017921,5.7880037827467055
PLOT-017377,2.831532400042667
PLOT-016638,3.2692149980838527
PLOT-017477,2.99428254623874
PLOT-016012,1.991904360368544
PLOT-017127,3.0336853144461196
PLOT-016717,2.4380287754783243
PLOT-018100,4.463625740371749
PLOT-015937,2.0126094670179966
PLOT-015834,1.1042048040233639
PLOT-017797,1.6225199470213008
PLOT-017938,3.1011640861706264
PLOT-015254,2.88481307388954
PLOT-018495,3.3555101044520113
PLOT-016482,3.458906952844111
PLOT-018721,2.355621080791093
PLOT-016407,1.9976178545228849
PLOT-018156,2.8537769399179287
PLOT-018649,2.364710327242649
PLOT-017184,2.7942478341060646
PLOT-018183,2.572572912617142
PLOT-018266,1.541723794011166
PLOT-017900,1.8226744397856942
PLOT-018250,3.3551216384731877
PLOT-015723,5.225885547290332
PLOT-017907,2.5813408483183715
PLOT-015969,4.237513532729223
PLOT-015496,2.2501938388273266
PLOT-015950,1.4527261472026725
PLOT-015805,1.9695710551551655
PLOT-016829,2.1776018514077355
PLOT-017177,0.694018932495487
PLOT-016739,2.137992329545102
PLOT-015337,1.516588692623616
PLOT-015730,2.4791647147394933
PLOT-015608,0.4614456473915355
PLOT-016148,3.627468931591145
PLOT-017243,0.7364135695011089
PLOT-018298,0.7733277240642579
PLOT-016713,3.712258748524138
PLOT-018340,1.02769339963576
PLOT-018738,2.1719675247587786
PLOT-015909,2.941002659304589
PLOT-017632,3.381379264102604
PLOT-017151,2.5610600349068764
PLOT-017010,2.344018507383185
PLOT-017491,3.182417016483191
PLOT-018631,2.642964648895048
PLOT-016810,3.257453377520051
PLOT-016994,1.205567868000499
PLOT-015719,2.463518673328544
PLOT-017932,2.040709951620485
PLOT-017824,1.0837727105630157
PLOT-016569,2.1257821018323835
PLOT-017897,2.219926182766925
PLOT-017942,0.8601398723941786
PLOT-017275,3.251901193936063
PLOT-015434,2.23500213175314
PLOT-016299,2.0563330686061296
PLOT-017174,3.2311042760540247
PLOT-015405,1.9977599898732523
PLOT-017823,2.9800813602648675
PLOT-015821,3.1425542180965755
PLOT-017759,2.0573432329494463
PLOT-016789,1.5430056802033674
PLOT-018674,4.262124473352539
PLOT-018108,2.979048634443696
PLOT-018211,4.863251922646005
PLOT-017351,1.794124776573071
PLOT-017315,1.7856847299697938
PLOT-016858,5.576351553549228
PLOT-016557,1.9918365108651446
PLOT-015545,2.9044208416894732
PLOT-015212,2.490495501877101
PLOT-015896,3.9675841654660706
PLOT-018270,1.8883148266507903
PLOT-016941,2.9429226789195893
PLOT-016891,3.541768738674607
PLOT-015916,3.3613415728276967
PLOT-017723,2.1107707795179698
PLOT-016289,0.9998984548772996
PLOT-015814,5.295821229219306
PLOT-016265,1.9556502908199893
PLOT-015342,1.6666322401144085
PLOT-017597,2.559026373090105
PLOT-016410,3.109951092404772
PLOT-016214,3.8261749151437434
PLOT-015966,4.452332550106248
PLOT-016230,3.3689665772068054
PLOT-017343,2.6509391838418743
PLOT-015695,2.845295009433361
PLOT-017121,2.655175901109175
PLOT-015605,3.4834991349574125
PLOT-015104,3.2164581533849668
PLOT-015645,2.2074914837999975
PLOT-016404,2.6380320706232876
PLOT-015494,2.338749730972409
PLOT-018088,2.3088482865677236
PLOT-017487,3.4171115209208005
PLOT-016019,3.39032345174142
PLOT-015091,4.388671084593342
PLOT-016112,2.922053579996024
PLOT-018741,3.8392024217002216
PLOT-015908,2.151106560878632
PLOT-016474,3.56842676279359
PLOT-016741,3.3956232282021714
PLOT-017150,1.948526468643384
PLOT-015238,3.1404294930997736
PLOT-018466,2.696670202918369
PLOT-015942,2.4004030472078752
PLOT-016270,2.3645328651629445
PLOT-015938,2.321622967948583
PLOT-016424,6.0258872661191525
PLOT-018229,0.950772194891064
PLOT-016862,2.133799054391075
PLOT-016669,2.46582525328164
PLOT-015005,1.5160078421067615
PLOT-015247,3.2924315299483324
PLOT-018013,4.090524936090152
PLOT-015018,3.5232353287146734
PLOT-017169,2.2421011686769976
PLOT-016970,2.7054050759823003
PLOT-017709,1.8685402148039827
PLOT-017232,3.3438212772839613
PLOT-017322,1.2513646639779963
PLOT-017481,5.049371979677788
PLOT-015811,2.123392934528433
PLOT-016300,1.7263633679319623
PLOT-016335,1.7010618988481796
PLOT-018632,3.584402463653518
PLOT-015260,2.888692685270131
PLOT-016804,3.2049433169565678
PLOT-016570,3.5161441992469196
PLOT-017229,4.3865975588864154
PLOT-015184,0.9243410379462667
PLOT-017454,3.2043670423684514
PLOT-016743,2.5305575808757625
PLOT-017913,2.4880510806419633
PLOT-016630,3.4090196579479284
PLOT-016716,1.2972569760240877
PLOT-015520,1.378409208715184
PLOT-018051,2.420894920872685
PLOT-017428,2.70325416942913
PLOT-017016,5.059798465112696
PLOT-016658,3.055018526500994
PLOT-018441,3.561952731509034
PLOT-016612,2.1221114398387013
PLOT-017475,2.203150117911276
PLOT-017126,3.8765504298116586
PLOT-018057,0.8833720738472984
PLOT-018734,3.01993974128944
PLOT-015607,6.873873199308761
PLOT-015230,3.091210067478117
PLOT-018140,1.706836995349884
PLOT-015331,1.6530726688099435
PLOT-018105,1.2371903411161191
PLOT-016440,2.333806809238814
PLOT-016927,2.221487647436005
PLOT-016091,1.628580190359532
PLOT-016101,3.992634288354938
PLOT-016129,3.0418895427080836
PLOT-018283,1.8973966512752864
PLOT-015461,1.7350167606112048
PLOT-015958,1.3655414325510724
PLOT-016662,1.7068663203915169
PLOT-015559,3.0673267890846714
PLOT-017894,4.008054329908435
PLOT-017738,0.5959220341686522
PLOT-018526,2.6079958929523013
PLOT-016519,1.3574461945019523
PLOT-017140,3.3838824015678663
PLOT-018630,2.3631463802108073
PLOT-017032,4.954853631293682
PLOT-017484,2.82382337624515
PLOT-017538,0.8540119880991943
PLOT-017097,1.1090493574521885
PLOT-018435,3.1339430353948954
PLOT-018565,1.6803406464521768
PLOT-015069,4.067891076480928
PLOT-016572,2.0107868724549136
PLOT-015808,1.67882021754835
PLOT-018232,2.2401641334510765
PLOT-015011,0.7636796990945214
PLOT-017025,3.5978336517320173
PLOT-017192,2.339745016626959
PLOT-015917,2.824743815518126
PLOT-016451,3.4845296138347948
PLOT-017687,3.2590461513231683
PLOT-015176,2.7310116391571384
PLOT-015994,2.5486421280476184
PLOT-017488,2.8110227853310477
PLOT-017569,3.419876337251165
PLOT-018740,4.378835871219779
PLOT-018052,3.498044188824928
PLOT-016255,3.097819348018655
PLOT-018282,4.078462011746912
PLOT-016664,2.397842793872551
PLOT-017191,3.8555799062798846
PLOT-017801,1.206489687232678
PLOT-017567,2.1926919081969816
PLOT-018370,1.4505832043245381
PLOT-017870,1.8614413527600553
PLOT-016790,2.7930487356810425
PLOT-017476,4.744386695196903
PLOT-017660,1.347611271058248
PLOT-018080,2.172418008798922
PLOT-015156,4.106582289141516
PLOT-017587,2.8782406244661045
PLOT-016460,2.6329878318806035
PLOT-017046,2.045503238231521
PLOT-018338,1.966858960942009
PLOT-016850,1.5266240583935249
PLOT-017509,0.40440513873285205
PLOT-017624,3.497157396022078
PLOT-018410,3.181125343298278
PLOT-017303,3.1817650712718284
PLOT-018027,2.049072010726462
PLOT-017005,4.809763378027904
PLOT-016185,1.8456244159563187
PLOT-016006,1.1496976972188182
PLOT-015560,4.57351139086101
PLOT-017256,2.8297429316029707
PLOT-015910,4.3804229171777544
PLOT-016311,5.205813939489088
PLOT-017049,4.024509244237928
PLOT-018413,2.8680597190838233
PLOT-015269,2.768450928838607
PLOT-016993,4.618538399439367
PLOT-015265,2.5484195745506866
PLOT-015914,2.7309985692070136
PLOT-017278,3.2833401821678665
PLOT-017231,1.5536849761395344
PLOT-018167,3.1881681580378873
PLOT-018732,2.935942688258609
PLOT-017912,2.509572378175662
PLOT-018114,3.6187222799914167
PLOT-015873,3.939740439187236
PLOT-017093,1.77648433461897
PLOT-017446,2.4591160114911017
PLOT-015475,2.288906535486651
PLOT-016652,2.717998248467458
PLOT-016960,5.329030951016377
PLOT-015045,3.1618022308594247
PLOT-015161,4.372130648295697
PLOT-018039,3.426502932056257
PLOT-017775,2.198014820947118
PLOT-017677,1.893836658894458
PLOT-015288,2.1410109389496093
PLOT-018107,2.305435074904681
PLOT-018718,0.9522037226308906
PLOT-016948,2.747118531053266
PLOT-015575,4.1534074587840175
PLOT-015850,2.348739037448555
PLOT-018387,3.8089158681285107
PLOT-015911,1.9834277412726768
PLOT-016254,5.858304555582531
PLOT-016833,2.3220718244409495
PLOT-016722,2.3357408556840573
PLOT-017133,1.7081483160828779
PLOT-016735,3.6499415264974093
PLOT-015932,3.3721214835602473
PLOT-016100,4.394293345446474
PLOT-016207,2.1520230949301555
PLOT-017295,1.46128247595533
PLOT-016843,0.8577058269082164
PLOT-016848,2.44480795231124
PLOT-017524,3.6152926701462804
PLOT-016694,2.9615172192956143
PLOT-015085,2.6242147374945213
PLOT-015469,4.2470850324108165
PLOT-017273,0.7291530665112668
PLOT-017822,4.940490133093067
PLOT-017379,3.204475465249925
PLOT-015233,3.2321136244358617
PLOT-017636,1.1403927560225826
PLOT-017523,2.373467115894257
PLOT-018332,3.8210056603295395
PLOT-018699,2.222274389075026
PLOT-017647,4.086914592299036
PLOT-017469,2.6939203449665188
PLOT-016711,2.639535878730006
PLOT-015182,0.8053414846170309
PLOT-015988,3.6127256324063266
PLOT-016000,2.69586566783929
PLOT-016641,1.7063974493223486
PLOT-016356,2.9396815473030093
PLOT-016462,1.6209782336845087
PLOT-015049,2.7816418847534705
PLOT-018637,1.0873711581361796
PLOT-018077,1.7527693093441863
PLOT-017577,3.3641103405437622
PLOT-016258,1.432381602671933
PLOT-015486,3.9382104718138837
PLOT-018715,1.210466564732277
PLOT-017545,2.935246037084998
PLOT-016908,3.0972300278624667
PLOT-015106,2.1584320080613475
PLOT-015443,5.406104931692769
PLOT-016954,3.727723631885821
PLOT-018560,2.683471736164612
PLOT-015646,2.9605034492763567
PLOT-018084,3.9994893105359886
PLOT-016762,0.7858784048687335
PLOT-015726,2.7209290747437986
PLOT-017238,1.6550414263237696
PLOT-016856,2.232066563898864
PLOT-017330,4.705318514321732
PLOT-015029,1.1138055276836012
PLOT-015169,4.152791978297957
PLOT-016001,2.2618500775561947
PLOT-018252,2.2368218441256964
PLOT-017148,2.1319324439291654
PLOT-015197,1.7336734371641482
PLOT-015495,2.7442084575152976
PLOT-017026,2.7955952109850606
PLOT-015647,1.8153633794178852
PLOT-018035,1.21101539685861
PLOT-015044,4.535347390670363
PLOT-017758,3.0471223685710482
PLOT-015373,2.540904605783345
PLOT-015678,3.3108227656510936
PLOT-015566,4.854296956803861
PLOT-017895,2.2480137622085383
PLOT-015460,3.206917482702795
PLOT-016932,2.7198323290090887
PLOT-018485,1.6181856041752463
PLOT-016155,3.4503930711454913
PLOT-015039,2.2814783736787057
PLOT-017482,1.4681302777037817
PLOT-015973,2.9242456134361507
PLOT-018287,1.4803522361746544
PLOT-018055,3.057722340592886
PLOT-018627,1.2410836216587866
PLOT-018638,2.113920332443078
PLOT-016786,1.4993702815690686
PLOT-016498,2.966582642510361
PLOT-017504,4.5716605877758765
PLOT-016835,3.332994898787226
PLOT-017308,1.6996027475362672
PLOT-016840,2.024064513717195
PLOT-017083,3.810353325266014
PLOT-015827,5.0477014009220635
PLOT-016935,2.464848190264466
PLOT-017044,5.688822734902294
PLOT-015309,2.173583692586393
PLOT-015276,2.8376310889334855
PLOT-015636,3.753719129326211
PLOT-015654,3.275951324844537
PLOT-015622,2.7899533207586855
PLOT-016859,3.5025047653033448
PLOT-015844,4.862946271736714
PLOT-015393,2.969779220641535
PLOT-017155,6.116911802548401
PLOT-015349,2.2808724854300824
PLOT-017572,1.3427291363347096
PLOT-015784,1.9878803183641074
PLOT-015047,3.4083387345370126
PLOT-016978,3.363318597420499
PLOT-017251,3.5552040019257203
PLOT-018651,3.5245700315614683
PLOT-016655,3.3031729893224933
PLOT-017069,3.4119417360036794
PLOT-015402,2.854223065449989
PLOT-016107,2.520374184536612
PLOT-016154,3.87905926239441
PLOT-016439,3.6060076738534796
PLOT-018749,2.3556887758222333
PLOT-017001,3.4980916853870068
PLOT-015989,1.7820047974509179
PLOT-016865,3.195102548781689
PLOT-017789,3.4908830335557295
PLOT-016310,2.261289358978887
PLOT-018195,1.7176174290236919
PLOT-015033,1.6264447809504188
PLOT-015787,3.3216210372561616
PLOT-018588,5.731862988978706
PLOT-017971,1.8610755295679429
PLOT-016043,2.959572666322679
PLOT-015481,2.512566355402108
PLOT-016243,3.2885048948894338
PLOT-017627,1.4085180752068431
PLOT-017529,0.5465360859771196
PLOT-015931,1.9270999377888525
PLOT-017404,2.6006547313038264
PLOT-016685,1.726052331561031
PLOT-016248,1.6458189451095147
PLOT-015759,2.4582017608410083
PLOT-015092,3.4170016270661137
PLOT-016175,1.8730369079868925
PLOT-016415,2.3830261412870715
PLOT-016341,2.669736609465643
PLOT-016472,2.205496019725908
PLOT-017851,0.9864410873552623
PLOT-017793,2.0784240843775934
PLOT-018594,2.184473982111753
PLOT-017327,2.6750683289988784
PLOT-016607,4.337230850505148
PLOT-015764,1.7359672807084143
PLOT-017652,4.234930357563007
PLOT-018747,3.6477075306482787
PLOT-016373,3.237447396132587
PLOT-016951,2.627566492085365
PLOT-018446,2.5265755117154707
PLOT-017448,1.9305335752856088
PLOT-016728,0.6533925906463728
PLOT-015257,2.67236898875595
PLOT-015944,1.3618506037687654
PLOT-018144,1.4700634852122418
PLOT-016219,3.2576118655571453
PLOT-018555,5.335676840288032
PLOT-016161,1.3615093235924378
PLOT-017542,4.822010321784936
PLOT-015772,1.1359986345788846
PLOT-017598,4.633345549454584
PLOT-016486,2.227897232721267
PLOT-017249,2.99738947191796
PLOT-015312,1.1331029009504343
PLOT-015290,2.604709093729948
PLOT-018261,2.344466140099274
PLOT-015763,0.9493138310392029
PLOT-018184,1.3295179732786824
PLOT-017997,4.12202206189581
PLOT-015183,1.8175548895671019
PLOT-016176,1.3285522320326872
PLOT-016349,3.2146204211397755
PLOT-018116,1.834383404587536
PLOT-018516,2.6435083398975463
PLOT-018078,5.768237514471927
PLOT-017298,3.90817175634146
PLOT-017871,1.7731747241967064
PLOT-016099,2.6455572752197467
PLOT-018584,3.8335922437282255
PLOT-017988,1.0546603648012516
PLOT-015391,0.8172559796644016
PLOT-016919,3.820858318354165
PLOT-016456,0.8660252955851117
PLOT-016092,2.3026372757998037
PLOT-017022,1.8436591395326392
PLOT-018239,3.563902297781831
PLOT-015904,2.3862356766847452
PLOT-017778,2.686855413193175
PLOT-017602,3.5439994291136143
PLOT-015366,4.592534280339458
PLOT-015345,3.2819603363491243
PLOT-018656,2.123412822281274
PLOT-017583,3.1715770148149733
PLOT-018470,2.693202038659059
PLOT-018257,2.2881915560227664
PLOT-016372,2.368489539063109
PLOT-016639,4.589201238269819
PLOT-015919,3.1402663254505616
PLOT-015211,2.1752207867862037
PLOT-016603,2.469330960477809
PLOT-017550,3.815238079468386
PLOT-015537,2.5723504696213904
PLOT-016220,3.397001606151867
PLOT-015175,0.9482253836341262
